lien,name,tagline,price,dates
https://mapara.ma/pieds-secs-et-abimes/367-bcombio-organic-creme-pieds-nourrissante-et-relaxante-100-ml.html,BcomBIO ORGANIC,CRÈME PIEDS NOURRISSANTE ET RELAXANTE 100 ML,"110,00",2022-08-15 16:08:50.222975
https://mapara.ma/creme-et-mousse-depilatoire/4413-vichy-creme-depilatoire-haute-tolerance-150ml-epilation-integrale-en-douceur.html,VICHY,CRÈME DEPILATOIRE HAUTE TOLERANCE 150ML EPILATION INTÉGRALE EN DOUCEUR,"108,00",2022-08-15 16:08:50.223621
https://mapara.ma/gommage-et-exfoliant-corps/3345-nuxe-reve-de-miel-gommage-corps-nourrissant-175-ml.html,NUXE,RÊVE DE MIEL GOMMAGE CORPS NOURRISSANT 175 ML,"190,00",2022-08-15 16:08:50.224591
https://mapara.ma/parfum-homme/3404-olfactissimo-eau-de-cologne-delicate-fraicheur-deau-spray-100ml.html,OLFACTISSIMO,EAU DE COLOGNE DÉLICATE FRAICHEUR D'EAU SPRAY 100ML,"242,00",2022-08-15 16:08:50.225145
https://mapara.ma/dissolvant/1983-herome-disques-de-dissolvant.html,HEROME,DISQUES DE DISSOLVANT,"112,00",2022-08-15 16:08:50.225754
https://mapara.ma/pedicure/2510-lanaform-dolce-rape-electrique.html,LANAFORM,DOLCE RÂPE ÉLECTRIQUE,"847,00",2022-08-15 16:08:50.226308
https://mapara.ma/mains-seches-et-abimees/241-avene-cicalfate-mains-creme-reparatrice-isolante-100ml.html,AVENE,CICALFATE MAINS CRÈME RÉPARATRICE ISOLANTE 100ML,"123,00",2022-08-15 16:08:50.226912
https://mapara.ma/cire-et-bandes-depilatoires-/2512-lanaform-epilateur-epil-net.html,LANAFORM,EPILATEUR EPIL NET,"65,00",2022-08-15 16:08:50.227482
https://mapara.ma/vitiligo/3581-pharmaceris-pharmaceris-v-viti-melo-night-visage-et-corps.html,PHARMACERIS,PHARMACERIS V VITI-MELO NIGHT VISAGE ET CORPS,"408,00",2022-08-15 16:08:50.227940
https://mapara.ma/parfum-femme/3276-nuxe-body-eau-delassante-parfumee-100-ml.html,NUXE,BODY EAU DÉLASSANTE PARFUMÉE 100 ML,"250,00",2022-08-15 16:08:50.228434
https://mapara.ma/hydratants-toutes-peaux/248-avene-cold-cream-creme-40ml.html,AVENE,COLD CREAM CRÈME 40ML,"121,00",2022-08-15 16:08:50.228865
https://mapara.ma/lait-corps-eclaircissant/3689-placentor-vegetal-lait-corps-eclaircissant.html,PLACENTOR Végétal,LAIT CORPS ÉCLAIRCISSANT,"326,00",2022-08-15 16:08:50.229353
https://mapara.ma/soins-buste-et-seins/2616-lierac-bust-lift-spray-lissant-sublimateur-100ml.html,LIERAC,BUST LIFT SPRAY LISSANT SUBLIMATEUR 100ML,"300,00",2022-08-15 16:08:50.229918
https://mapara.ma/lait-corps-eclaircissant/30-acm-depiwhite-lait-eclaircissant-200ml.html,ACM,DEPIWHITE LAIT ECLAIRCISSANT 200ML,"178,00",2022-08-15 16:08:50.230416
https://mapara.ma/accessoires-manucure-et-pedicure-/1997-herome-polissoir-4-phases-super-shine.html,HEROME,POLISSOIR 4 PHASES - SUPER SHINE,"134,00",2022-08-15 16:08:50.230904
https://mapara.ma/accessoires-et-vetements-minceur/2493-lanaform-appareil-de-massage-trimax.html,LANAFORM,APPAREIL DE MASSAGE TRIMAX,2,2022-08-15 16:08:50.231331
https://mapara.ma/parfum-homme/3405-olfactissimo-eau-de-cologne-emotion-pure-deau-spray-100ml.html,OLFACTISSIMO,EAU DE COLOGNE ÉMOTION PURE D'EAU SPRAY 100ML,"242,00",2022-08-15 16:08:50.231757
https://mapara.ma/vitiligo/3580-pharmaceris-v-viti-melo-day-spf50-creme-protectrice-75ml.html,PHARMACERIS,"V VITI MELO DAY SPF50 +CRÈME PROTECTRICE, 75ML","285,00",2022-08-15 16:08:50.232248
https://mapara.ma/dissolvant/1984-herome-dissolvant-soignant-sans-acetone.html,HEROME,DISSOLVANT SOIGNANT SANS ACÉTONE,"108,00",2022-08-15 16:08:50.232736
https://mapara.ma/pieds-fatigues-et-echauffes/86-addax-pieds-echauffement-creme-relaxante-oedemax-50ml.html,ADDAX,Pieds Echauffement Crème Relaxante Oedemax 50ml,"82,00",2022-08-15 16:08:50.233228
https://mapara.ma/hydratants-toutes-peaux/247-avene-cold-cream-creme-100ml.html,AVENE,COLD CREAM CRÈME 100ML,"154,00",2022-08-15 16:08:50.233719
https://mapara.ma/pedicure/2528-lanaform-rape-exfoliante-satin.html,LANAFORM,RÂPE EXFOLIANTE SATIN,"523,00",2022-08-15 16:08:50.234147
https://mapara.ma/creme-et-mousse-depilatoire/3006-naturesoin-creme-depilatoire-argan-50ml.html,NATURESOIN,CRÈME DÉPILATOIRE ARGAN 50ML,"35,00",2022-08-15 16:08:50.234639
https://mapara.ma/mains-seches-et-abimees/250-avene-cold-cream-mains-50ml.html,AVENE,COLD CREAM MAINS 50ML,"99,00",2022-08-15 16:08:50.242198
https://mapara.ma/soins-des-ongles/2393-la-roche-posay-silicium-vernis-fortifiant-protecteur-hypoallergenique-chocolat-noir.html,LA ROCHE-POSAY,SILICIUM VERNIS FORTIFIANT PROTECTEUR HYPOALLERGÉNIQUE CHOCOLAT NOIR,"86,00",2022-08-15 16:08:50.242861
https://mapara.ma/soins-anti-taches-anti-age-mains/1361-ducray-melascreen-photo-aging-soin-global-mains-50-ml.html,DUCRAY,MELASCREEN PHOTO-AGING SOIN GLOBAL MAINS 50 ML,"155,00",2022-08-15 16:08:50.243361
https://mapara.ma/parfum-femme/3336-nuxe-prodigieux-le-parfum-femme.html,NUXE,PRODIGIEUX LE PARFUM FEMME,"389,00",2022-08-15 16:08:50.243831
https://mapara.ma/lait-corps-eclaircissant/31-acm-depiwhite-lait-eclaircissant-500ml.html,ACM,DEPIWHITE LAIT ECLAIRCISSANT 500ML,"232,00",2022-08-15 16:08:50.244760
https://mapara.ma/mains-seches-et-abimees/368-bcombio-organic-creme-protectrice-et-reparatrice-mains-et-ongles-50-ml.html,BcomBIO ORGANIC,CRÈME PROTECTRICE ET RÉPARATRICE MAINS ET ONGLES 50 ML,"68,00",2022-08-15 16:08:50.245419
https://mapara.ma/accessoires-manucure-et-pedicure-/1998-herome-repoussoir-de-cuticules.html,HEROME,REPOUSSOIR DE CUTICULES,"86,00",2022-08-15 16:08:50.245925
https://mapara.ma/creme-et-mousse-depilatoire/3007-naturesoin-creme-depilatoire-avocat-50ml.html,NATURESOIN,CRÈME DÉPILATOIRE AVOCAT 50ML,"35,00",2022-08-15 16:08:51.532277
https://mapara.ma/soins-hydratation-teintes-bonne-mine/1544-fauvert-vhs-enjoil-creme-scintillante-150-ml.html,FAUVERT VHS,ENJOIL CRÈME SCINTILLANTE 150 ML,"349,00",2022-08-15 16:08:51.532950
https://mapara.ma/soins-des-ongles/2395-la-roche-posay-silicium-vernis-fortifiant-protecteur-hypoallergenique-rouge-parfait.html,LA ROCHE-POSAY,SILICIUM VERNIS FORTIFIANT PROTECTEUR HYPOALLERGÉNIQUE ROUGE PARFAIT,"86,00",2022-08-15 16:08:51.556138
https://mapara.ma/vitiligo/1597-fiderma-vit-go-50-ml.html,FIDERMA,VIT-GO 50 ML,"309,00",2022-08-15 16:08:51.556748
https://mapara.ma/lait-corps-eclaircissant/31-acm-depiwhite-lait-eclaircissant-500ml.html,ACM,DEPIWHITE LAIT ECLAIRCISSANT 500ML,"232,00",2022-08-15 16:08:51.557264
https://mapara.ma/mains-seches-et-abimees/368-bcombio-organic-creme-protectrice-et-reparatrice-mains-et-ongles-50-ml.html,BcomBIO ORGANIC,CRÈME PROTECTRICE ET RÉPARATRICE MAINS ET ONGLES 50 ML,"68,00",2022-08-15 16:08:51.557772
https://mapara.ma/accessoires-manucure-et-pedicure-/1998-herome-repoussoir-de-cuticules.html,HEROME,REPOUSSOIR DE CUTICULES,"86,00",2022-08-15 16:08:51.558348
https://mapara.ma/parfum-femme/3349-nuxe-sun-eau-delicieuse-parfumante-100ml.html,NUXE,SUN EAU DÉLICIEUSE PARFUMANTE 100ML,"379,00",2022-08-15 16:08:51.559187
https://mapara.ma/massage/2498-lanaform-ceinture-full-mass.html,LANAFORM,CEINTURE FULL MASS,1,2022-08-15 16:08:51.559645
https://mapara.ma/soins-reparateurs-cicatrisants/238-avene-cicalfate-creme-reparatrice-40ml.html,AVENE,CICALFATE CRÈME REPARATRICE 40ML,"153,00",2022-08-15 16:08:51.578391
https://mapara.ma/gommage-et-exfoliant-corps/640-beurer-brosse-pour-le-corps-fs-55.html,BEURER,BROSSE POUR LE CORPS FS 55,"760,00",2022-08-15 16:08:51.579110
https://mapara.ma/soins-hydratation-anti-age/3273-nuxe-body-creme-fondante-raffermissante-200ml-tous-types-de-peaux-zones-relachees-cuisses-ventre-buste.html,NUXE,"BODY CRÈME FONDANTE RAFFERMISSANTE 200ML TOUS TYPES DE PEAUX / ZONES RELÂCHÉES (CUISSES, VENTRE, BUSTE)","341,00",2022-08-15 16:08:51.580842
https://mapara.ma/soins-anti-taches-anti-age-mains/4338-uriage-depiderm-creme-mains-spf15-anti-taches-50-ml.html,URIAGE,DEPIDERM CRÈME MAINS SPF15 ANTI-TÂCHES 50 ML,"122,00",2022-08-15 16:08:51.582190
https://mapara.ma/soins-hydratation/3688-placentor-vegetal-lait-corporel-peaux-seches-sensibles-400-ml.html,PLACENTOR Végétal,"LAIT CORPOREL PEAUX SÈCHES, SENSIBLES 400 ML","160,00",2022-08-15 16:08:51.583518
https://mapara.ma/pieds-secs-et-abimes/4266-svr-xerial-50-extreme-creme-pieds-40ml-callosites-et-durillons-rebelles.html,SVR,XERIAL 50 EXTREME CRÈME PIEDS 40ML CALLOSITÉS ET DURILLONS REBELLES,"115,00",2022-08-15 16:08:51.584173
https://mapara.ma/dissolvant/1663-formes-et-flammes-dissolvant-100-ml.html,FORMES ET FLAMMES,DISSOLVANT 100 ML,"44,00",2022-08-15 16:08:51.584828
https://mapara.ma/epilation-decoloration/661-beurer-ipl-9000-appareil-depilation-a-la-lumiere-pulsee.html,BEURER,IPL 9000+ APPAREIL D'ÉPILATION À LA LUMIÈRE PULSÉE,5,2022-08-15 16:08:51.585439
https://mapara.ma/parfum-homme/3410-olfactissimo-eau-de-toilette-delicate-fraicheur-100ml.html,OLFACTISSIMO,EAU DE TOILETTE DÉLICATE FRAÎCHEUR 100ML,"288,00",2022-08-15 16:08:51.585918
https://mapara.ma/creme-et-mousse-depilatoire/1509-eveline-active-epil-creme-depilatoire-aloe-vera-peau-sensitive-125ml.html,EVELINE,ACTIVE EPIL CRÈME DÉPILATOIRE ALOE VERA PEAU SENSITIVE 125ML,"50,00",2022-08-15 16:08:51.586517
https://mapara.ma/soins-des-ongles/2394-la-roche-posay-silicium-vernis-fortifiant-protecteur-hypoallergenique-rose.html,LA ROCHE-POSAY,SILICIUM VERNIS FORTIFIANT PROTECTEUR HYPOALLERGÉNIQUE ROSE,"86,00",2022-08-15 16:08:51.587065
https://mapara.ma/soins-buste-et-seins/2608-les-3-chenes-push-up-seins-gel-special-seins-200-ml.html,LES 3 CHÊNES,PUSH-UP SEINS GEL SPÉCIAL SEINS 200 ML,"250,00",2022-08-15 16:08:51.587536
https://mapara.ma/accessoires-manucure-et-pedicure-/1993-herome-lime-en-verre-petit-format.html,HEROME,LIME EN VERRE PETIT FORMAT,"165,00",2022-08-15 16:08:51.588070
https://mapara.ma/vernis-a-ongles/1391-ecrinal-vernis-amer-10-ml-ongles-ronges.html,ECRINAL,VERNIS AMER 10 ML ONGLES RONGÉS,"114,00",2022-08-15 16:08:51.588666
https://mapara.ma/accessoires-et-vetements-minceur/630-beurer-appareil-anti-cellulite-cm50.html,BEURER,APPAREIL ANTI CELLULITE CM50,"700,00",2022-08-15 16:08:51.589288
https://mapara.ma/soins-anti-taches-et-depigmentants/75-acm-vitix-gel-regulateur-50ml.html,ACM,VITIX GEL REGULATEUR 50ML,"293,00",2022-08-15 16:08:51.589827
https://mapara.ma/mains-seches-et-abimees/4259-svr-topialyse-mains-creme-nutri-reparatrice-50-ml.html,SVR,TOPIALYSE MAINS CRÈME NUTRI RÉPARATRICE 50 ML,"72,00",2022-08-15 16:08:51.590335
https://mapara.ma/parfum-femme/3406-olfactissimo-eau-de-cologne-essentielle-agrume-spray-100ml.html,OLFACTISSIMO,EAU DE COLOGNE ESSENTIELLE AGRUME SPRAY 100ML,"242,00",2022-08-15 16:08:51.590760
https://mapara.ma/manucure/4861-mavala-dissolvant-extra-doux-pour-vernis-a-ongles.html,MAVALA,Dissolvant Extra-doux pour vernis à ongles,"115,00",2022-08-15 16:08:51.591451
https://mapara.ma/lait-corps-eclaircissant/833-bioderma-pigmentbio-sensitive-areas-7-soin-eclaircissant-cible-75ml.html,BIODERMA,PIGMENTBIO SENSITIVE AREAS 7 SOIN ÉCLAIRCISSANT CIBLÉ 75ML,"254,00",2022-08-15 16:08:51.594042
https://mapara.ma/soins-anti-taches-et-depigmentants/4340-uriage-depiderm-soin-depigmentant-intensif-30ml-anti-taches-brunes.html,URIAGE,DEPIDERM SOIN DÉPIGMENTANT INTENSIF 30ML ANTI-TÂCHES BRUNES,"270,00",2022-08-15 16:08:51.594610
https://mapara.ma/soins-hydratation-peaux-seches-et-atopiques/103-a-derma-exomega-creme-emolliente-200ml.html,A-DERMA,EXOMEGA CRÈME EMOLLIENTE 200ML,"215,00",2022-08-15 16:08:52.599866
https://mapara.ma/soins-hydratation/364-bcombio-organic-creme-hydratante-corps-200-ml.html,BcomBIO ORGANIC,CRÈME HYDRATANTE CORPS 200 ML,"196,00",2022-08-15 16:08:52.600505
https://mapara.ma/soins-buste-et-seins/4176-190-sveltesse-brasvelt.html#/43-taille-s,SVELTESSE,BRA'SVELT,"226,00",2022-08-15 16:08:52.601501
https://mapara.ma/mains-seches-et-abimees/137-algotherm-algoessential-sublime-soin-des-mains-50ml.html,ALGOTHERM,ALGOESSENTIAL SUBLIME SOIN DES MAINS 50ML,"129,00",2022-08-15 16:08:52.601984
https://mapara.ma/massage/633-beurer-appareil-de-thermo-massage-12w-mg-40.html,BEURER,APPAREIL DE THERMO MASSAGE 12W MG 40,"400,00",2022-08-15 16:08:52.602582
https://mapara.ma/lait-corps-eclaircissant/833-bioderma-pigmentbio-sensitive-areas-7-soin-eclaircissant-cible-75ml.html,BIODERMA,PIGMENTBIO SENSITIVE AREAS 7 SOIN ÉCLAIRCISSANT CIBLÉ 75ML,"254,00",2022-08-15 16:08:52.603137
https://mapara.ma/parfum-femme/3406-olfactissimo-eau-de-cologne-essentielle-agrume-spray-100ml.html,OLFACTISSIMO,EAU DE COLOGNE ESSENTIELLE AGRUME SPRAY 100ML,"242,00",2022-08-15 16:08:52.603620
https://mapara.ma/manucure/4861-mavala-dissolvant-extra-doux-pour-vernis-a-ongles.html,MAVALA,Dissolvant Extra-doux pour vernis à ongles,"115,00",2022-08-15 16:08:52.604235
https://mapara.ma/soins-anti-taches-et-depigmentants/4340-uriage-depiderm-soin-depigmentant-intensif-30ml-anti-taches-brunes.html,URIAGE,DEPIDERM SOIN DÉPIGMENTANT INTENSIF 30ML ANTI-TÂCHES BRUNES,"270,00",2022-08-15 16:08:52.604738
https://mapara.ma/vernis-a-ongles/2005-herome-vernis-amer-bye-bite.html,HEROME,VERNIS AMER « BYE BITE »,"127,00",2022-08-15 16:08:52.605246
https://mapara.ma/pieds-secs-et-abimes/4267-svr-xerial-peel-masque-exfoliant-pieds.html,SVR,XÉRIAL PEEL MASQUE EXFOLIANT PIEDS,"176,00",2022-08-15 16:08:52.605754
https://mapara.ma/pedicure/669-beurer-ponceuse-de-callosites-pour-pieds-mp-26.html,BEURER,PONCEUSE DE CALLOSITÉS POUR PIEDS MP 26,"590,00",2022-08-15 16:08:52.606321
https://mapara.ma/parfum-homme/3413-olfactissimo-eau-de-toilette-frisson-deau-100ml.html,OLFACTISSIMO,EAU DE TOILETTE FRISSON D'EAU 100ML,"288,00",2022-08-15 16:08:52.606737
https://mapara.ma/vernis-a-ongles/1976-herome-base-lissante.html,HEROME,BASE LISSANTE,"171,00",2022-08-15 16:08:52.607139
https://mapara.ma/accessoires-manucure-et-pedicure-/1992-herome-lime-a-ongles-quatre-phases.html,HEROME,LIME A ONGLES QUATRE PHASES,"174,00",2022-08-15 16:08:52.607530
https://mapara.ma/gel-douche-et-savon-peaux-atopiques/104-a-derma-exomega-gel-moussant-emollient-500ml.html,A-DERMA,EXOMEGA GEL MOUSSANT EMOLLIENT 500ML,"153,00",2022-08-15 16:08:52.607980
https://mapara.ma/soins-hydratation-anti-age/3496-palmers-beurre-de-soin-raffermissant-315-ml.html,PALMER'S,BEURRE DE SOIN RAFFERMISSANT 315 ML,"160,00",2022-08-15 16:08:52.608435
https://mapara.ma/soins-buste-et-seins/4177-186-sveltesse-bustaflex-mettez-votre-poitrine-en-valeur-chair.html#/43-taille-s,SVELTESSE,BUSTAFLEX METTEZ VOTRE POITRINE EN VALEUR CHAIR,"347,00",2022-08-15 16:08:52.608898
https://mapara.ma/mains-seches-et-abimees/1056-cerave-creme-mains-reparatrice-50ml.html,CERAVE,CRÈME MAINS RÉPARATRICE 50ML,"43,00",2022-08-15 16:08:52.609353
https://mapara.ma/pieds-secs-et-abimes/1057-cerave-creme-regenerante-pieds-tres-secs-abimes-rugueux-fendilles-88ml.html,CERAVE,CRÈME RÉGÉNÉRANTE PIEDS TRÈS SECS ABÎMÉS RUGUEUX FENDILLES 88ML,"50,00",2022-08-15 16:08:52.609875
https://mapara.ma/soins-des-ongles/1438-eptaderm-epta-pso-ongles-12ml.html,EPTADERM,EPTA PSO ONGLES 12ML,"200,00",2022-08-15 16:08:52.610337
https://mapara.ma/hydratants-peaux-atopiques/4251-svr-topialyse-baume-intensif-soin-relipidant-anti-irritations-400ml.html,SVR,TOPIALYSE BAUME INTENSIF SOIN RELIPIDANT ANTI-IRRITATIONS 400ML,"197,00",2022-08-15 16:08:52.610851
https://mapara.ma/manucure/4862-mavala-dissolvant-doux-bleu.html,MAVALA,"Dissolvant Doux, bleu","125,00",2022-08-15 16:08:52.611351
https://mapara.ma/parfum-femme/3408-olfactissimo-eau-de-cologne-rosee-deau-spray-100ml.html,OLFACTISSIMO,EAU DE COLOGNE ROSÉE D'EAU SPRAY 100ML,"242,00",2022-08-15 16:08:52.612180
https://mapara.ma/lait-corps-eclaircissant/963-capiderma-capiwhite-lait-corporel-depigmentant-intensif-hydratant-150ml-soins-intensifs.html,CAPIDERMA,CAPIWHITE LAIT CORPOREL DÉPIGMENTANT INTENSIF HYDRATANT 150ML SOINS INTENSIFS,"348,00",2022-08-15 16:08:52.612785
https://mapara.ma/soins-anti-taches-et-depigmentants/3827-puriaderm-puriactiv-soin-de-nuit-eclaircissant-intense-30ml.html,PURIADERM,PURIACTIV SOIN DE NUIT ÉCLAIRCISSANT INTENSE 30ML,"289,00",2022-08-15 16:08:52.613343
https://mapara.ma/soins-hydratation-anti-age/2056-innovatouch-bave-escargot-creme-fluide-corps-175-ml.html,INNOVATOUCH,BAVE ESCARGOT CRÈME FLUIDE CORPS 175 ML,"485,00",2022-08-15 16:08:52.613864
https://mapara.ma/accessoires-manucure-et-pedicure-/3940-rituels-dorient-podorape-rape-pieds.html,RITUELS D'ORIENT,PODORAPE RAPE PIEDS,"144,00",2022-08-15 16:08:52.614411
https://mapara.ma/soins-buste-et-seins/2192-joy-drops-breast-creme-100-ml.html,JOY DROPS,BREAST CRÈME 100 ML,"258,00",2022-08-15 16:08:52.614930
https://mapara.ma/mains-seches-et-abimees/2326-la-roche-posay-cicaplast-mains-50ml.html,LA ROCHE-POSAY,CICAPLAST MAINS 50ML,"79,00",2022-08-15 16:08:52.615523
https://mapara.ma/soins-anti-taches-et-depigmentants/3827-puriaderm-puriactiv-soin-de-nuit-eclaircissant-intense-30ml.html,PURIADERM,PURIACTIV SOIN DE NUIT ÉCLAIRCISSANT INTENSE 30ML,"289,00",2022-08-15 16:08:53.755221
https://mapara.ma/soins-hydratation-anti-age/2056-innovatouch-bave-escargot-creme-fluide-corps-175-ml.html,INNOVATOUCH,BAVE ESCARGOT CRÈME FLUIDE CORPS 175 ML,"485,00",2022-08-15 16:08:53.755876
https://mapara.ma/accessoires-manucure-et-pedicure-/3940-rituels-dorient-podorape-rape-pieds.html,RITUELS D'ORIENT,PODORAPE RAPE PIEDS,"144,00",2022-08-15 16:08:53.756383
https://mapara.ma/soins-buste-et-seins/2192-joy-drops-breast-creme-100-ml.html,JOY DROPS,BREAST CRÈME 100 ML,"258,00",2022-08-15 16:08:53.756969
https://mapara.ma/mains-seches-et-abimees/2326-la-roche-posay-cicaplast-mains-50ml.html,LA ROCHE-POSAY,CICAPLAST MAINS 50ML,"79,00",2022-08-15 16:08:53.757612
https://mapara.ma/soins-hydratation-peaux-seches-et-atopiques/4253-svr-topialyse-creme-200-ml.html,SVR,TOPIALYSE CRÈME 200 ML,"162,00",2022-08-15 16:08:53.758293
https://mapara.ma/massage/649-beurer-cm-100-massage-anti-cellulite.html,BEURER,CM 100 - MASSAGE ANTI-CELLULITE,1,2022-08-15 16:08:53.758927
https://mapara.ma/parfum/4967-grasse-parfums-flacon-grasse-n61-100ml.html,GRASSE PARFUMS,FLACON GRASSE N°61  100ML,"140,00",2022-08-15 16:08:53.759488
https://mapara.ma/mains-seches-et-abimees/2378-la-roche-posay-lipikar-xerand-50ml-creme-reparatrice-pour-les-mains.html,LA ROCHE-POSAY,LIPIKAR XERAND 50ML CRÈME RÉPARATRICE POUR LES MAINS,"50,00",2022-08-15 16:08:53.760593
https://mapara.ma/soins-des-ongles/3121-neostrata-nail-conditioning-solution-7ml.html,NEOSTRATA,NAIL CONDITIONING SOLUTION 7ML,"191,00",2022-08-15 16:08:53.761745
https://mapara.ma/parfum-femme/3412-olfactissimo-eau-de-toilette-essentielle-agrume-100ml.html,OLFACTISSIMO,EAU DE TOILETTE ESSENTIELLE AGRUME 100ML,"288,00",2022-08-15 16:08:53.762318
https://mapara.ma/huiles-lavantes/105-a-derma-exomega-huile-nettoyante-emolliente-200-ml.html,A-DERMA,EXOMEGA HUILE NETTOYANTE EMOLLIENTE 200 ML,"114,00",2022-08-15 16:08:53.771250
https://mapara.ma/accessoires-manucure-et-pedicure-/1657-formes-et-flammes-brosses-a-ongles-nylon.html,FORMES ET FLAMMES,BROSSES A ONGLES NYLON,"50,00",2022-08-15 16:08:53.771921
https://mapara.ma/soins-anti-taches-anti-age-mains/1980-herome-creme-mains-anti-age-intensive-anti-pigmentation-120ml.html,HEROME,CRÈME MAINS ANTI-ÂGE INTENSIVE - ANTI-PIGMENTATION 120ML,"250,00",2022-08-15 16:08:53.773693
https://mapara.ma/hydratants-peaux-intolerantes/789-bioderma-atoderm-po-zinc-100ml-creme-ultra-apaisante.html,BIODERMA,ATODERM PO ZINC 100ML CRÈME ULTRA-APAISANTE,"136,00",2022-08-15 16:08:53.774389
https://mapara.ma/massage/648-beurer-chauffe-pieds-massant-fwm-45.html,BEURER,CHAUFFE-PIEDS MASSANT FWM 45,"650,00",2022-08-15 16:08:53.775013
https://mapara.ma/parfum/4968-grasse-parfums-flacon-grasse-n62-100ml.html,GRASSE PARFUMS,FLACON GRASSE N°62  100ML,"140,00",2022-08-15 16:08:53.775663
https://mapara.ma/manucure/4864-mavala-top-coat-gel-finish-10ml.html,MAVALA,TOP COAT GEL FINISH 10ML,"160,00",2022-08-15 16:08:53.776359
https://mapara.ma/manucure/2541-lanaform-uv-pretty-nails-sechoir.html,LANAFORM,UV PRETTY NAILS SÉCHOIR,1,2022-08-15 16:08:53.778339
https://mapara.ma/soins-hydratation-peaux-seches-et-atopiques/278-avene-trixera-nutrition-baume-nutri-fluide-200ml.html,AVENE,TRIXERA NUTRITION BAUME NUTRI-FLUIDE 200ML,"133,00",2022-08-15 16:08:53.778955
https://mapara.ma/soins-hydratation-anti-age/3101-neoliss-hydra-peeling-body-125-ml.html,NEOLISS,HYDRA PEELING BODY 125 ML,"330,00",2022-08-15 16:08:53.784054
https://mapara.ma/parfum-femme/3414-olfactissimo-eau-de-toilette-rosee-deau-100ml.html,OLFACTISSIMO,EAU DE TOILETTE ROSEE D'EAU 100ML,"288,00",2022-08-15 16:08:53.785506
https://mapara.ma/soins-anti-taches-et-depigmentants/1418-elliance-depigmoderm-creme-depigmentante-30ml.html,ELLIANCE,DEPIGMODERM CRÈME DÉPIGMENTANTE 30ML,"299,00",2022-08-15 16:08:53.786002
https://mapara.ma/pieds-secs-et-abimes/1437-eptaderm-epta-pso-50-plus-creme-40-ml.html,EPTADERM,EPTA PSO 50 PLUS CRÈME 40 ML,"176,00",2022-08-15 16:08:53.786566
https://mapara.ma/lait-corps-eclaircissant/1441-eptaderm-epta-spot-lait-depigmentant-intensif-100ml.html,EPTADERM,EPTA SPOT LAIT DÉPIGMENTANT INTENSIF 100ML,"319,00",2022-08-15 16:08:53.787023
https://mapara.ma/accessoires-manucure-et-pedicure-/1658-formes-et-flammes-ciseaux-a-ongles-courbes-acier-forge-inoxydable-poli.html,FORMES ET FLAMMES,CISEAUX A ONGLES COURBES ACIER FORGÉ INOXYDABLE POLI,"106,00",2022-08-15 16:08:53.787761
https://mapara.ma/soins-des-ongles/634-beurer-appareil-seche-ongles-mp-38.html,BEURER,APPAREIL SÈCHE ONGLES MP 38,1,2022-08-15 16:08:53.788424
https://mapara.ma/soins-anti-taches-anti-age-mains/85-addax-hydroxia-creme-mains-hydratante-75-ml.html,ADDAX,HYDROXIA CRÈME MAINS HYDRATANTE 75 ML,"165,00",2022-08-15 16:08:53.789176
https://mapara.ma/lait-corps-eclaircissant/4080-sesderma-c-vit-radiance-lait-corps-eclat-250-ml.html,SESDERMA,C-VIT RADIANCE LAIT CORPS ÉCLAT 250 ML,"280,00",2022-08-15 16:08:53.790884
https://mapara.ma/parfum/4969-grasse-parfums-flacon-grasse-n73-100ml.html,GRASSE PARFUMS,FLACON GRASSE N°73 100ML,"140,00",2022-08-15 16:08:53.791530
https://mapara.ma/soins-hydratation-peaux-seches-et-atopiques/1090-codexial-baume-reparateur-provitamine-b5-100ml.html,CODEXIAL,BAUME REPARATEUR PROVITAMINE B5 100ML,"206,00",2022-08-15 16:08:54.964855
https://mapara.ma/parfum-femme/3415-olfactissimo-eau-de-toilette-white-flowers-100ml.html,OLFACTISSIMO,EAU DE TOILETTE WHITE FLOWERS 100ML,"288,00",2022-08-15 16:08:54.965455
https://mapara.ma/manucure/2830-medisana-coffret-manucure-pedicure-manilux-l.html,MEDISANA,COFFRET MANUCURE PÉDICURE MANILUX L,2,2022-08-15 16:08:54.966427
https://mapara.ma/pieds-secs-et-abimes/3340-nuxe-reve-de-miel-creme-pieds-75ml-pieds-tres-secs-ou-abimes.html,NUXE,RÊVE DE MIEL CRÈME PIEDS 75ML PIEDS TRÈS SECS OU ABIMÉS,"182,00",2022-08-15 16:08:54.966942
https://mapara.ma/accessoires-et-vetements-minceur/2491-lanaform-anti-cellulite-stop-cell.html,LANAFORM,ANTI-CELLULITE STOP CELL,"656,00",2022-08-15 16:08:54.967357
https://mapara.ma/accessoires-manucure-et-pedicure-/1659-formes-et-flammes-ciseaux-a-ongles-droits-acier-forge-inoxydable-poli.html,FORMES ET FLAMMES,CISEAUX A ONGLES DROITS ACIER FORGÉ INOXYDABLE POLI,"106,00",2022-08-15 16:08:54.967819
https://mapara.ma/manucure/2523-lanaform-perfect-nail-coffret-manicure.html,LANAFORM,PERFECT NAIL COFFRET MANICURE,1,2022-08-15 16:08:54.968304
https://mapara.ma/soins-des-mains/4865-mavala-creme-anti-taches-pour-les-mains-30ml.html,MAVALA,CRÈME ANTI-TÂCHES POUR LES MAINS 30ML,"235,00",2022-08-15 16:08:54.968846
https://mapara.ma/parfum/4970-grasse-parfums-flacon-grasse-n63-100ml.html,GRASSE PARFUMS,FLACON GRASSE N°63 100ML,"140,00",2022-08-15 16:08:54.969386
https://mapara.ma/soins-hydratation-peaux-seches-et-atopiques/280-avene-xeracalm-ad-baume-relipidant-200ml.html,AVENE,XERACALM A.D BAUME RELIPIDANT 200ML,"203,00",2022-08-15 16:08:54.969868
https://mapara.ma/hydratants-peaux-atopiques/1091-codexial-calmiscab-soin-a-la-calamine-200-ml.html,CODEXIAL,CALMISCAB SOIN A LA CALAMINE 200 ML,"214,00",2022-08-15 16:08:54.970348
https://mapara.ma/lait-corps-eclaircissant/1594-fiderma-lait-depigmentant-intense-100ml.html,FIDERMA,LAIT DÉPIGMENTANT INTENSE 100ML,"300,00",2022-08-15 16:08:54.970827
https://mapara.ma/mains-seches-et-abimees/3339-nuxe-reve-de-miel-creme-mains-et-ongles-50ml-mains-seches-ou-abimees.html,NUXE,RÊVE DE MIEL CRÈME MAINS ET ONGLES 50ML MAINS SÈCHES OU ABÎMÉES,"103,00",2022-08-15 16:08:54.971342
https://mapara.ma/manucure/2831-medisana-coffret-manucure-pedicure-manilux-s.html,MEDISANA,COFFRET MANUCURE PÉDICURE MANILUX S,1,2022-08-15 16:08:54.971820
https://mapara.ma/parfum/4679-hei-poa-eau-de-toilette-sensualite-idyllique-100ml.html,HEI POA,Eau de Toilette Sensualité Idyllique 100ML,"236,00",2022-08-15 16:08:54.972342
https://mapara.ma/accessoires-manucure-et-pedicure-/1660-formes-et-flammes-coupe-ongles-de-poche-chrome.html,FORMES ET FLAMMES,COUPE-ONGLES DE POCHE CHROMÉ,"49,00",2022-08-15 16:08:54.972836
https://mapara.ma/accessoires-manucure-et-pedicure-/1661-formes-et-flammes-coupe-ongles-manucure-pedicure-chrome.html,FORMES ET FLAMMES,COUPE-ONGLES MANUCURE-PEDICURE CHROMÉ,"40,00",2022-08-15 16:08:54.973349
https://mapara.ma/mains-seches-et-abimees/1341-ducray-ictyane-creme-mains-50ml.html,DUCRAY,ICTYANE CRÈME MAINS 50ML,"92,00",2022-08-15 16:08:54.973773
https://mapara.ma/gel-douche-et-savon-peaux-atopiques/277-avene-trixera-nettoyant-nutri-fluide-400ml.html,AVENE,TRIXERA NETTOYANT NUTRI FLUIDE 400ML,"276,00",2022-08-15 16:08:54.974298
https://mapara.ma/manucure/662-beurer-kit-de-soin-pour-les-ongles-electrique-mp-18.html,BEURER,KIT DE SOIN POUR LES ONGLES ÉLECTRIQUE MP 18,"300,00",2022-08-15 16:08:54.975015
https://mapara.ma/parfum/4971-grasse-parfums-flacon-grasse-n65-100ml.html,GRASSE PARFUMS,FLACON GRASSE N°65  100ML,"140,00",2022-08-15 16:08:54.976004
https://mapara.ma/soins-hydratation-peaux-seches-et-atopiques/281-avene-xeracalm-ad-creme-relipidante-200ml.html,AVENE,XERACALM A.D CRÈME RELIPIDANTE 200ML,"203,00",2022-08-15 16:08:54.976962
https://mapara.ma/soins-hydratation-peaux-seches-et-atopiques/1097-codexial-emulsion-relipidante-400-ml.html,CODEXIAL,EMULSION RELIPIDANTE 400 ML,"218,00",2022-08-15 16:08:54.978068
https://mapara.ma/massage/2829-medisana-appareil-de-massage-en-percussion-itm.html,MEDISANA,APPAREIL DE MASSAGE EN PERCUSSION ITM,1,2022-08-15 16:08:54.978843
https://mapara.ma/manucure/2834-medisana-manucure-et-pedicure-medistyle-s.html,MEDISANA,MANUCURE ET PÉDICURE MEDISTYLE S,1,2022-08-15 16:08:54.980168
https://mapara.ma/lait-corps-eclaircissant/2077-isis-pharma-bodytone-white-100-ml.html,ISIS PHARMA,BODYTONE WHITE 100 ML,"364,00",2022-08-15 16:08:54.980804
https://mapara.ma/accessoires-manucure-et-pedicure-/1662-formes-et-flammes-couteau-a-cuticules.html,FORMES ET FLAMMES,COUTEAU A CUTICULES,"67,00",2022-08-15 16:08:54.981301
https://mapara.ma/accueil/4956-grasse-parfums-flacon-grasse-n10-100ml.html,GRASSE PARFUMS,FLACON GRASSE N°10  100ML,"140,00",2022-08-15 16:08:54.981874
https://mapara.ma/parfum/4972-grasse-parfums-flacon-grasse-n74-100ml.html,GRASSE PARFUMS,FLACON GRASSE N°74  100ML,"140,00",2022-08-15 16:08:54.982455
https://mapara.ma/manucure/683-beurer-trousse-manucure-pedicure-mp-41.html,BEURER,TROUSSE MANUCURE PÉDICURE MP 41,"590,00",2022-08-15 16:08:54.983107
https://mapara.ma/soins-hydratation/1048-cerave-baume-hydratant-177ml.html,CERAVE,BAUME HYDRATANT 177ML,"78,00",2022-08-15 16:08:56.121688
https://mapara.ma/lait-corps-eclaircissant/1205-dermacia-lait-depigmentant-intensif-hydratant-corps-150-ml.html,DERMACIA,LAIT DÉPIGMENTANT INTENSIF HYDRATANT CORPS 150 ML,"260,00",2022-08-15 16:08:56.122394
https://mapara.ma/soins-reparateurs-cicatrisants/4307-uriage-bariederm-creme-isolante-reparatrice-75ml-peaux-agressees.html,URIAGE,BARIEDERM CRÈME ISOLANTE REPARATRICE 75ML PEAUX AGRESSÉES,"146,00",2022-08-15 16:08:56.123696
https://mapara.ma/manucure/2835-medisana-manucure-et-pedicure-mp-820.html,MEDISANA,MANUCURE ET PÉDICURE MP 820,1,2022-08-15 16:08:56.124270
https://mapara.ma/massage/2844-medisana-vibromasseur-ivm.html,MEDISANA,VIBROMASSEUR IVM,"844,00",2022-08-15 16:08:56.124737
https://mapara.ma/massage/2845-medisana-vibro-masseur-mmi.html,MEDISANA,VIBRO-MASSEUR MMI,"342,00",2022-08-15 16:08:56.125196
https://mapara.ma/accessoires-manucure-et-pedicure-/1664-formes-et-flammes-lime-a-ongles-verre-trempe-14-cm.html,FORMES ET FLAMMES,LIME À ONGLES VERRE TREMPÉ 14 CM,"73,00",2022-08-15 16:08:56.125666
https://mapara.ma/soins-des-ongles/1380-ecrinal-durcisseur-vitamine-10-ml-fortifie-repare-protege.html,ECRINAL,"DURCISSEUR VITAMINÉ 10 ML FORTIFIE, RÉPARE & PROTÈGE","171,00",2022-08-15 16:08:56.126151
https://mapara.ma/parfum/4957-grasse-parfums-flacon-grasse-n13-100ml.html,GRASSE PARFUMS,FLACON GRASSE N°13  100ML,"140,00",2022-08-15 16:08:56.126700
https://mapara.ma/parfum/4973-grasse-parfums-flacon-grasse-n66-100ml.html,GRASSE PARFUMS,FLACON GRASSE N°66  100ML,"140,00",2022-08-15 16:08:56.127605
https://mapara.ma/soins-hydratation/1049-cerave-baume-hydratant-340g.html,CERAVE,BAUME HYDRATANT 340G,"115,00",2022-08-15 16:08:56.128254
https://mapara.ma/soins-hydratation-peaux-seches-et-atopiques/63-acm-sedacalm-creme-apaisante-corps-120-ml.html,ACM,SÉDACALM CRÈME APAISANTE CORPS 120 ML,"150,00",2022-08-15 16:08:56.128885
https://mapara.ma/savon-et-pain/109-a-derma-pain-dermatologique-100g.html,A-DERMA,PAIN DERMATOLOGIQUE 100G,"63,00",2022-08-15 16:08:56.132466
https://mapara.ma/lait-corps-eclaircissant/2218-kaline-k-white-lait-eclaircissant-200ml.html,KALINE,K-WHITE LAIT ECLAIRCISSANT 200ML,"108,00",2022-08-15 16:08:56.133094
https://mapara.ma/mains-seches-et-abimees/4308-uriage-bariederm-creme-mains-creme-mains-isolante-reparatrice-50ml.html,URIAGE,BARIÉDERM CRÈME MAINS CRÈME MAINS ISOLANTE RÉPARATRICE 50ML,"84,00",2022-08-15 16:08:56.133610
https://mapara.ma/accessoires-manucure-et-pedicure-/1665-formes-et-flammes-lime-polissoir-4-faces.html,FORMES ET FLAMMES,LIME POLISSOIR 4 FACES,"61,00",2022-08-15 16:08:56.134036
https://mapara.ma/massage/2156-jerraflore-jerra-zen-150ml-huile-de-massage-relaxante.html,JERRAFLORE,JERRA ZEN 150ML HUILE DE MASSAGE RELAXANTE,"118,00",2022-08-15 16:08:56.134527
https://mapara.ma/pieds-secs-et-abimes/4292-ureadin-creme-pieds-75ml.html,UREADIN,CRÈME PIEDS 75ML,"182,00",2022-08-15 16:08:56.135007
https://mapara.ma/parfum/4958-grasse-parfums-flacon-grasse-n17-100ml.html,GRASSE PARFUMS,FLACON GRASSE N°17  100ML,"140,00",2022-08-15 16:08:56.135520
https://mapara.ma/parfum/4974-grasse-parfums-flacon-grasse-n67-100ml.html,GRASSE PARFUMS,FLACON GRASSE N°67  100ML,"140,00",2022-08-15 16:08:56.136000
https://mapara.ma/soins-hydratation/1050-cerave-baume-hydratant-454g.html,CERAVE,BAUME HYDRATANT 454G,"147,00",2022-08-15 16:08:56.136437
https://mapara.ma/pieds-secs-et-abimes/4309-uriage-bariederm-onguent-fissures-et-crevasses-40g.html,URIAGE,BARIEDERM ONGUENT FISSURES ET CREVASSES 40G,"136,00",2022-08-15 16:08:56.136887
https://mapara.ma/massage/2155-jerraflore-jerra-tonic-150ml-huile-de-massage-tonifiante.html,JERRAFLORE,JERRA TONIC 150ML HUILE DE MASSAGE TONIFIANTE,"118,00",2022-08-15 16:08:56.137400
https://mapara.ma/accessoires-manucure-et-pedicure-/1666-formes-et-flammes-limes-a-ongles-emerisees-en-bois-11-cm-etui-de-6.html,FORMES ET FLAMMES,LIMES À ONGLES EMERISÉES EN BOIS 11 CM ETUI DE 6,"46,00",2022-08-15 16:08:56.137874
https://mapara.ma/lait-corps-eclaircissant/3158-nohooh-lait-eclaircissant-reparateur-visage-et-corps-500-ml.html,NOHOOH,LAIT ÉCLAIRCISSANT REPARATEUR VISAGE ET CORPS 500 ML,"290,00",2022-08-15 16:08:56.138461
https://mapara.ma/soins-des-ongles/1387-ecrinal-serum-reparateur-anp.html,ECRINAL,SERUM REPARATEUR ANP,"113,00",2022-08-15 16:08:56.138996
https://mapara.ma/parfum/4959-grasse-parfums-flacon-grasse-n29-100ml.html,GRASSE PARFUMS,FLACON GRASSE N°29  100ML,"140,00",2022-08-15 16:08:56.139475
https://mapara.ma/parfum/4975-grasse-parfums-flacon-grasse-n75-100ml.html,GRASSE PARFUMS,FLACON GRASSE N°75  100ML,"140,00",2022-08-15 16:08:56.139944
https://mapara.ma/hydratants-peaux-seches/1051-cerave-baume-hydratant-52ml.html,CERAVE,BAUME HYDRATANT 52ML,"41,00",2022-08-15 16:08:56.141317
https://mapara.ma/hydratants-peaux-atopiques/4199-svr-cicavit-sos-grattage-40ml.html,SVR,CICAVIT+ SOS GRATTAGE 40ML,"111,00",2022-08-15 16:08:56.142173
https://mapara.ma/pieds-secs-et-abimes/83-addax-creme-reparatrice-pieds-cica-b5-15ml.html,ADDAX,CRÈME RÉPARATRICE PIEDS CICA B5 15ML,"72,00",2022-08-15 16:08:57.255780
https://mapara.ma/mains-seches-et-abimees/1466-eucerin-creme-mains-5-duree.html,EUCERIN,CRÈME MAINS 5% D'UREE,"71,00",2022-08-15 16:08:57.256479
https://mapara.ma/pieds-secs-et-abimes/87-addax-pieds-hydrafeet-regulatrice-100-ml.html,ADDAX,PIEDS HYDRAFEET RÉGULATRICE 100 ML,"87,00",2022-08-15 16:08:57.257507
https://mapara.ma/soins-des-ongles/2006-herome-vernis-anti-age-ongles-parfaits.html,HEROME,VERNIS ANTI AGE ONGLES PARFAITS,"165,00",2022-08-15 16:08:57.258849
https://mapara.ma/lait-corps-eclaircissant/3825-puriaderm-canada-puriactiv-lait-corporel-eclaircissant-hydratant-150-ml.html,PURIADERM,CANADA PURIACTIV LAIT CORPOREL ÉCLAIRCISSANT HYDRATANT 150 ML,"323,00",2022-08-15 16:08:57.259768
https://mapara.ma/accessoires-manucure-et-pedicure-/1667-formes-et-flammes-limes-a-ongles-emerisees-en-bois-17-cm-etui-de-6.html,FORMES ET FLAMMES,LIMES À ONGLES EMERISÉES EN BOIS 17 CM ETUI DE 6,"52,00",2022-08-15 16:08:57.260277
https://mapara.ma/massage/2162-jerraflore-lemon-grass-30ml-huile-de-massage-amincissante.html,JERRAFLORE,LEMON GRASS 30ML HUILE DE MASSAGE AMINCISSANTE,"42,00",2022-08-15 16:08:57.260916
https://mapara.ma/parfum/4960-grasse-parfums-flacon-grasse-n19-100ml.html,GRASSE PARFUMS,FLACON GRASSE N°19  100ML,"140,00",2022-08-15 16:08:57.261604
https://mapara.ma/parfum/4976-grasse-parfums-flacon-grasse-n71-100ml.html,GRASSE PARFUMS,FLACON GRASSE N°71  100ML,"140,00",2022-08-15 16:08:57.262248
https://mapara.ma/savon-et-pain/110-a-derma-pain-surgras-100g.html,A-DERMA,PAIN SURGRAS 100G,"63,00",2022-08-15 16:08:57.262939
https://mapara.ma/soins-hydratation-peaux-seches-et-atopiques/1061-cerave-lait-hydratant-peaux-seches-a-tres-seches-236ml.html,CERAVE,LAIT HYDRATANT PEAUX SÈCHES A TRÈS SÈCHES 236ML,"88,00",2022-08-15 16:08:57.263572
https://mapara.ma/soins-des-ongles/2004-herome-stylo-magique.html,HEROME,STYLO MAGIQUE,"182,00",2022-08-15 16:08:57.264125
https://mapara.ma/pieds-secs-et-abimes/88-addax-pieds-gel-keratolytique-keracid-50-ml.html,ADDAX,Pieds gel Kératolytique Keracid 50 ml,"150,00",2022-08-15 16:08:57.264639
https://mapara.ma/massage/2154-jerraflore-jerra-svelt-150ml-huile-de-massage-amincissante.html,JERRAFLORE,JERRA SVELT 150ML HUILE DE MASSAGE AMINCISSANTE,"114,00",2022-08-15 16:08:57.265220
https://mapara.ma/accessoires-manucure-et-pedicure-/1668-formes-et-flammes-limes-a-ongles-saphir-2-faces-17cm.html,FORMES ET FLAMMES,LIMES À ONGLES SAPHIR 2 FACES 17CM,"46,00",2022-08-15 16:08:57.265725
https://mapara.ma/parfum/4961-grasse-parfums-flacon-grasse-n25-100ml.html,GRASSE PARFUMS,FLACON GRASSE N°25  100ML,"140,00",2022-08-15 16:08:57.266260
https://mapara.ma/parfum/4977-grasse-parfums-flacon-grasse-n72-100ml.html,GRASSE PARFUMS,FLACON GRASSE N°72  100ML,"140,00",2022-08-15 16:08:57.266751
https://mapara.ma/soins-hydratation-peaux-seches-et-atopiques/1062-cerave-lait-hydratant-peaux-seches-a-tres-seches-473ml.html,CERAVE,LAIT HYDRATANT PEAUX SÈCHES A TRÈS SÈCHES 473ML,"123,00",2022-08-15 16:08:57.267291
https://mapara.ma/soins-des-ongles/2002-herome-soin-cuticules-15-ml.html,HEROME,SOIN CUTICULES 15 ML,"129,00",2022-08-15 16:08:57.267837
https://mapara.ma/massage/2153-jerraflore-jerra-sport-150ml-huile-de-massage-anti-douleurs-et-relaxant-musculaire.html,JERRAFLORE,JERRA SPORT 150ML HUILE DE MASSAGE ANTI-DOULEURS ET RELAXANT MUSCULAIRE,"115,00",2022-08-15 16:08:57.268354
https://mapara.ma/pieds-secs-et-abimes/89-addax-pieds-callosites-savon-de-gommage-kerapain-100g.html,ADDAX,Pieds Callosités Savon de Gommage Kerapain 100g,"64,00",2022-08-15 16:08:57.268944
https://mapara.ma/accessoires-manucure-et-pedicure-/1669-formes-et-flammes-pierre-ponce.html,FORMES ET FLAMMES,PIERRE PONCE,"67,00",2022-08-15 16:08:57.269431
https://mapara.ma/mains-seches-et-abimees/3171-noreva-aquareva-creme-mains-50ml.html,NOREVA,AQUAREVA CRÈME MAINS 50ML,"69,00",2022-08-15 16:08:57.269949
https://mapara.ma/parfum/4962-grasse-parfums-flacon-grasse-n28-100ml.html,GRASSE PARFUMS,FLACON GRASSE N°28  100ML,"140,00",2022-08-15 16:08:57.270427
https://mapara.ma/parfum/4978-grasse-parfums-flacon-grasse-n76-100ml.html,GRASSE PARFUMS,FLACON GRASSE N°76 100ML,"140,00",2022-08-15 16:08:57.274111
https://mapara.ma/soins-hydratation-peaux-seches-et-atopiques/1063-cerave-sa-creme-anti-rugosites-340-g.html,CERAVE,SA CRÈME ANTI-RUGOSITÉS 340 G,"158,00",2022-08-15 16:08:57.274782
https://mapara.ma/soins-hydratation-peaux-seches-et-atopiques/4263-svr-xerial-10-lait-corps-hydratant-24-h-lissant-squames-confort-intense-200-ml.html,SVR,XERIAL 10 LAIT CORPS HYDRATANT 24 H LISSANT-SQUAMES CONFORT INTENSE 200 ML,"163,00",2022-08-15 16:08:57.275488
https://mapara.ma/massage/2150-jerraflore-jerra-draine-150ml-huile-de-massage-drainante-et-amincissante.html,JERRAFLORE,JERRA DRAINE 150ML HUILE DE MASSAGE DRAINANTE ET AMINCISSANTE,"118,00",2022-08-15 16:08:57.276181
https://mapara.ma/parfum/5229-grasse-parfums-flacon-grasse-n72-100ml.html,GRASSE PARFUMS,FLACON GRASSE N°72  100ML,"165,00",2022-08-15 16:08:57.277397
https://mapara.ma/soins-hydratation/1001-cattier-beurre-de-karite-fleur-des-iles-100g.html,CATTIER,BEURRE DE KARITE FLEUR DES ILES 100G,"140,00",2022-08-15 16:08:57.278102
https://mapara.ma/soins-des-ongles/1978-herome-creme-cuticules-15ml.html,HEROME,CRÈME CUTICULES 15ML,"196,00",2022-08-15 16:08:58.485383
https://mapara.ma/soins-hydratation-peaux-seches-et-atopiques/778-bioderma-atoderm-creme-200ml-creme-nourrissante-peaux-sensibles.html,BIODERMA,ATODERM CRÈME 200ML CRÈME NOURRISSANTE PEAUX SENSIBLES,"136,00",2022-08-15 16:08:58.486117
https://mapara.ma/soins-reparateurs-cicatrisants/5195-isis-pharma-keloplast-cracks.html,ISIS PHARMA,KELOPLAST CRACKS,"120,00",2022-08-15 16:08:58.486975
https://mapara.ma/parfum/4963-grasse-parfums-flacon-grasse-n30-100ml.html,GRASSE PARFUMS,FLACON GRASSE N°30  100ML,"140,00",2022-08-15 16:08:58.487491
https://mapara.ma/massage/2150-jerraflore-jerra-draine-150ml-huile-de-massage-drainante-et-amincissante.html,JERRAFLORE,JERRA DRAINE 150ML HUILE DE MASSAGE DRAINANTE ET AMINCISSANTE,"118,00",2022-08-15 16:08:58.487962
https://mapara.ma/parfum/5229-grasse-parfums-flacon-grasse-n72-100ml.html,GRASSE PARFUMS,FLACON GRASSE N°72  100ML,"165,00",2022-08-15 16:08:58.488502
https://mapara.ma/soins-hydratation/1001-cattier-beurre-de-karite-fleur-des-iles-100g.html,CATTIER,BEURRE DE KARITE FLEUR DES ILES 100G,"140,00",2022-08-15 16:08:58.489061
https://mapara.ma/soins-hydratation/1002-cattier-beurre-de-karite-miel-100g.html,CATTIER,BEURRE DE KARITE MIEL 100G,"140,00",2022-08-15 16:08:58.489610
https://mapara.ma/accessoires-manucure-et-pedicure-/1679-formes-et-flammes-pince-a-ongles-pedicure-12-cm.html,FORMES ET FLAMMES,PINCE À ONGLES PÉDICURE 12 CM,"140,00",2022-08-15 16:08:58.490142
https://mapara.ma/soins-reparateurs-cicatrisants/5196-isis-pharma-destockage-keloplast-cracks-exp06-22.html,ISIS PHARMA,DESTOCKAGE KELOPLAST CRACKS EXP:06/22,"120,00",2022-08-15 16:08:58.490640
https://mapara.ma/parfum/4964-grasse-parfums-flacon-grasse-n31-100ml.html,GRASSE PARFUMS,FLACON GRASSE N°31  100ML,"140,00",2022-08-15 16:08:58.491135
https://mapara.ma/soins-des-ongles/2000-herome-soin-finis-les-ongles-endommages.html,HEROME,SOIN « FINIS LES ONGLES ENDOMMAGES »,"199,00",2022-08-15 16:08:58.491629
https://mapara.ma/massage/2147-jerraflore-jerra-camphre-150ml-huile-de-massage-pour-lechauffement-musculaire.html,JERRAFLORE,JERRA CAMPHRE 150ML HUILE DE MASSAGE POUR L'ÉCHAUFFEMENT MUSCULAIRE,"115,00",2022-08-15 16:08:58.492138
https://mapara.ma/soins-hydratation/1003-cattier-beurre-de-karite-nature-100g.html,CATTIER,BEURRE DE KARITE NATURE 100G,"112,00",2022-08-15 16:08:58.492691
https://mapara.ma/lait-corps-eclaircissant/1974-helixience-lait-corps-eclaircissant-anti-taches-anti-age-200-ml.html,HELIXIENCE,LAIT CORPS ÉCLAIRCISSANT ANTI-TÂCHES ANTI-ÂGE (200 ML),"494,00",2022-08-15 16:08:58.493235
https://mapara.ma/mains-seches-et-abimees/3955-roge-cavailles-creme-mains-veloutante-50ml.html,ROGE CAVAILLES,CRÈME MAINS VELOUTANTE 50ML,"63,00",2022-08-15 16:08:58.493699
https://mapara.ma/accessoires-manucure-et-pedicure-/1680-formes-et-flammes-rape-plantaire-deux-faces-ceramique.html,FORMES ET FLAMMES,RAPE PLANTAIRE DEUX FACES CERAMIQUE,"79,00",2022-08-15 16:08:58.494083
https://mapara.ma/soins-hydratation-peaux-seches-et-atopiques/790-bioderma-atoderm-pp-baume-200ml-emollient-ultra-nourissant.html,BIODERMA,ATODERM PP BAUME 200ML EMOLLIENT ULTRA-NOURISSANT,"171,00",2022-08-15 16:08:58.494553
https://mapara.ma/soins-des-ongles/1999-herome-serum-de-croissance.html,HEROME,SERUM DE CROISSANCE,"166,00",2022-08-15 16:08:58.495095
https://mapara.ma/massage/2146-jerraflore-jerra-calm-150ml-huile-de-massage-reposante.html,JERRAFLORE,JERRA CALM 150ML HUILE DE MASSAGE REPOSANTE,"118,00",2022-08-15 16:08:58.495779
https://mapara.ma/parfum/4965-grasse-parfums-flacon-grasse-n34-100ml.html,GRASSE PARFUMS,FLACON GRASSE N°34  100ML,"140,00",2022-08-15 16:08:58.497847
https://mapara.ma/soins-des-ongles/1990-herome-huile-nourrissante-pour-ongles.html,HEROME,HUILE NOURRISSANTE POUR ONGLES,"147,00",2022-08-15 16:08:58.498461
https://mapara.ma/accessoires-manucure-et-pedicure-/1681-formes-et-flammes-rape-plantaire-double-face-emerisee-waterproof.html,FORMES ET FLAMMES,RAPE PLANTAIRE DOUBLE FACE EMERISÉE WATERPROOF,"67,00",2022-08-15 16:08:58.498893
https://mapara.ma/massage/2143-jerraflore-jerra-arnica-150ml-huile-de-massage-tonifiante-et-decontractante.html,JERRAFLORE,JERRA ARNICA 150ML HUILE DE MASSAGE TONIFIANTE ET DÉCONTRACTANTE,"173,00",2022-08-15 16:08:58.499302
https://mapara.ma/mains-seches-et-abimees/4004-roge-cavailles-nutrissance-creme-mains-nourrissante-50-ml.html,ROGE CAVAILLES,NUTRISSANCE CRÈME MAINS NOURRISSANTE 50 ML,"63,00",2022-08-15 16:08:58.499793
https://mapara.ma/soins-hydratation-peaux-seches-et-atopiques/791-bioderma-atoderm-sos-spray-anti-demangeaisons-200ml.html,BIODERMA,ATODERM SOS SPRAY ANTI DÉMANGEAISONS 200ML,"189,00",2022-08-15 16:08:58.500424
https://mapara.ma/parfum/4966-grasse-parfums-flacon-grasse-n35-100ml.html,GRASSE PARFUMS,FLACON GRASSE N°35  100ML,"140,00",2022-08-15 16:08:58.500994
https://mapara.ma/soins-hydratation-peaux-seches-et-atopiques/1066-cetaphil-daily-advance-lotion-225g.html,CETAPHIL,DAILY ADVANCE LOTION 225G,"135,00",2022-08-15 16:08:58.501541
https://mapara.ma/soins-des-ongles/1989-herome-gel-hydratant-pour-ongles.html,HEROME,GEL HYDRATANT POUR ONGLES,"148,00",2022-08-15 16:08:58.502081
https://mapara.ma/accueil/5177-anaca-3-gel-minceur-150-ml.html,ANACA 3,Gel Minceur 150 ml,"295,00",2022-08-15 16:08:58.502572
https://mapara.ma/accueil/5177-anaca-3-gel-minceur-150-ml.html,ANACA 3,Gel Minceur 150 ml,"295,00",2022-08-15 16:08:59.628175
https://mapara.ma/corps/2433-laino-creme-mains-pro-intense-50-ml.html,LAINO,CRÈME MAINS PRO INTENSE 50 ML,"42,00",2022-08-15 16:08:59.628826
https://mapara.ma/parfum-femme/5002-hei-poa-eau-de-toilette-orchidee-tropicale-100ml.html,HEI POA,EAU DE TOILETTE ORCHIDEE TROPICALE 100ML,"236,00",2022-08-15 16:08:59.629827
https://mapara.ma/accessoires-manucure-et-pedicure-/1682-formes-et-flammes-repousse-peaux-batonnets-manucure-etui-de-6.html,FORMES ET FLAMMES,REPOUSSE-PEAUX BATONNETS MANUCURE ETUI DE 6,"42,00",2022-08-15 16:08:59.630364
https://mapara.ma/soins-hydratation/1070-cetaphil-lotion-hydratante-236-ml.html,CETAPHIL,LOTION HYDRATANTE 236 ML,"136,00",2022-08-15 16:08:59.630847
https://mapara.ma/soins-des-ongles/1988-herome-eau-emolliente.html,HEROME,EAU EMOLLIENTE,"197,00",2022-08-15 16:08:59.631317
https://mapara.ma/accueil/5178-anaca-3-creme-minceur-special-ventre-150ml.html,ANACA 3,CRÈME MINCEUR SPÉCIAL VENTRE 150ML,"295,00",2022-08-15 16:08:59.631835
https://mapara.ma/mains-seches-et-abimees/2183-jowae-creme-nourrissante-mains-et-ongles-50-ml.html,JOWAE,CRÈME NOURRISSANTE MAINS ET ONGLES 50 ML,"76,00",2022-08-15 16:08:59.632285
https://mapara.ma/accessoires-manucure-et-pedicure-/1683-formes-et-flammes-maxi-lames-emerisees-en-bois-etui-de-3.html,FORMES ET FLAMMES,MAXI LAMES EMERISÉES EN BOIS ETUI DE 3,"61,00",2022-08-15 16:08:59.632733
https://mapara.ma/soins-hydratation/1071-cetaphil-lotion-hydratante-500-ml.html,CETAPHIL,LOTION HYDRATANTE 500 ML,"160,00",2022-08-15 16:08:59.633245
https://mapara.ma/soins-des-ongles/1987-herome-durcisseur-pour-ongles-extra-fort.html,HEROME,DURCISSEUR POUR ONGLES EXTRA FORT,"181,00",2022-08-15 16:08:59.633769
https://mapara.ma/mains-seches-et-abimees/723-bio-seasons-creme-mains-nourrissante-50-ml.html,BIO SEASONS,CRÈME MAINS NOURRISSANTE 50 ML,"105,00",2022-08-15 16:08:59.634227
https://mapara.ma/parfum-femme/5004-hei-poa-eau-de-toilette-sensualite-aquatique-tiare-jasmin-deau-100ml.html,HEI POA,"EAU DE TOILETTE ""SENSUALITÉ AQUATIQUE - TIARÉ & JASMIN D’EAU"" 100ML","226,00",2022-08-15 16:08:59.634746
https://mapara.ma/huiles-lavantes/4009-roge-cavailles-pack-gyneco.html,ROGE CAVAILLES,PACK GYNECO,"260,00",2022-08-15 16:08:59.635455
https://mapara.ma/soins-des-ongles/1986-herome-durcisseur-fort.html,HEROME,DURCISSEUR FORT,"173,00",2022-08-15 16:08:59.635991
https://mapara.ma/soins-des-ongles/1985-herome-durcisseur-doux-pour-ongles.html,HEROME,DURCISSEUR DOUX POUR ONGLES,"173,00",2022-08-15 16:08:59.636529
https://mapara.ma/hydratation-et-nutrition-corps/3299-nuxe-huile-prodigieuse-100ml-soin-multi-fonctions-visage-corps-cheveux.html,NUXE,"HUILE PRODIGIEUSE 100ML SOIN MULTI-FONCTIONS - VISAGE, CORPS, CHEVEUX","255,00",2022-08-15 16:08:59.637135
https://mapara.ma/change/1099-codexial-pate-dermique-50ml-sans-parfum-sans-conservateur.html,CODEXIAL,PÂTE DERMIQUE 50ML SANS PARFUM SANS CONSERVATEUR,"136,00",2022-08-15 16:08:59.637637
https://mapara.ma/savon-et-pain/71-acm-sensitelial-pain-surgras-dermatologique.html,ACM,SENSITÉLIAL PAIN SURGRAS DERMATOLOGIQUE,"60,00",2022-08-15 16:08:59.638211
https://mapara.ma/mains-seches-et-abimees/3503-palmers-creme-de-soin-concentree-mains-60-g.html,PALMER'S,CRÈME DE SOIN CONCENTRÉE MAINS 60 G,"65,00",2022-08-15 16:08:59.638867
https://mapara.ma/hydratation-et-nutrition-corps/3300-nuxe-huile-prodigieuse-50ml-soin-multi-fonctions-visage-corps-cheveux.html,NUXE,"HUILE PRODIGIEUSE 50ML SOIN MULTI-FONCTIONS - VISAGE, CORPS, CHEVEUX","153,00",2022-08-15 16:08:59.639623
https://mapara.ma/mains-seches-et-abimees/1977-herome-creme-anti-gercures.html,HEROME,CRÈME ANTI-GERÇURES,"238,00",2022-08-15 16:08:59.640432
https://mapara.ma/parfum/5223-grasse-parfums-flacon-grasse-n18-100ml.html,GRASSE PARFUMS,FLACON GRASSE N°18 100ML,"140,00",2022-08-15 16:08:59.641036
https://mapara.ma/manucure/4858-mavala-scientifique-k-durcisseur-dongles-5ml.html,MAVALA,Scientifique K+ Durcisseur d’ongles 5ML,"233,00",2022-08-15 16:08:59.641615
https://mapara.ma/hydratation-et-nutrition-corps/3301-nuxe-huile-prodigieuse-florale-100-ml-soin-multi-fonctions-visage-corps-cheveux.html,NUXE,"HUILE PRODIGIEUSE FLORALE 100 ML SOIN MULTI-FONCTIONS - VISAGE, CORPS, CHEVEUX","255,00",2022-08-15 16:08:59.642236
https://mapara.ma/mains-seches-et-abimees/1979-herome-creme-de-jour-spf-8.html,HEROME,CRÈME DE JOUR SPF 8,"130,00",2022-08-15 16:08:59.642822
https://mapara.ma/parfum/5224-grasse-parfums-flacon-grasse-n38-100ml.html,GRASSE PARFUMS,FLACON GRASSE N°38  100ML,"140,00",2022-08-15 16:08:59.643324
https://mapara.ma/accueil/5225-grasse-parfums-flacon-grasse-n36-100ml.html,GRASSE PARFUMS,FLACON GRASSE N°36 100ML,"140,00",2022-08-15 16:08:59.643852
https://mapara.ma/soins-hydratation-teintes-bonne-mine/3302-nuxe-huile-prodigieuse-or-100ml-soin-multi-fonctions-visage-corps-cheveux.html,NUXE,"HUILE PRODIGIEUSE OR 100ML SOIN MULTI-FONCTIONS - VISAGE, CORPS, CHEVEUX","340,00",2022-08-15 16:08:59.644493
https://mapara.ma/manucure/1995-herome-one-minute-manucure.html,HEROME,ONE MINUTE MANUCURE,"221,00",2022-08-15 16:08:59.645189
https://mapara.ma/soins-hydratation-teintes-bonne-mine/3302-nuxe-huile-prodigieuse-or-100ml-soin-multi-fonctions-visage-corps-cheveux.html,NUXE,"HUILE PRODIGIEUSE OR 100ML SOIN MULTI-FONCTIONS - VISAGE, CORPS, CHEVEUX","340,00",2022-08-15 16:09:00.823554
https://mapara.ma/accessoires-manucure-et-pedicure-/1996-herome-polissoir-2-phases.html,HEROME,POLISSOIR 2 PHASES,"159,00",2022-08-15 16:09:00.824147
https://mapara.ma/mains-seches-et-abimees/1982-herome-creme-pour-mains-24h-spf15-80ml.html,HEROME,CRÈME POUR MAINS 24H - SPF15 80ML,"165,00",2022-08-15 16:09:00.825156
https://mapara.ma/accueil/5226-grasse-parfums-flacon-grasse-n37-100ml.html,GRASSE PARFUMS,FLACON GRASSE N°37  100ML,"140,00",2022-08-15 16:09:00.825667
https://mapara.ma/soins-hydratation-teintes-bonne-mine/3303-nuxe-huile-prodigieuse-or-50ml-soin-multi-fonctions-visage-corps-cheveux.html,NUXE,"HUILE PRODIGIEUSE OR 50ML SOIN MULTI-FONCTIONS - VISAGE, CORPS, CHEVEUX","216,00",2022-08-15 16:09:00.826194
https://mapara.ma/soins-hydratation/3338-nuxe-reve-de-miel-creme-corps-ultra-reconfortante-200ml-peaux-tres-seches-et-sensibles.html,NUXE,REVE DE MIEL CRÈME CORPS ULTRA-RECONFORTANTE 200ML PEAUX TRÈS SÈCHES ET SENSIBLES,"288,00",2022-08-15 16:09:00.826788
https://mapara.ma/mains-seches-et-abimees/4143-spirig-excipial-protect-creme-de-protection-cutanee-50-ml.html,SPIRIG,EXCIPIAL PROTECT CRÈME DE PROTECTION CUTANÉE 50 ML,"126,00",2022-08-15 16:09:00.827285
https://mapara.ma/soins-hydratation-peaux-seches-et-atopiques/1335-ducray-dexyane-baume-emollient-anti-grattage-200ml.html,DUCRAY,DEXYANE BAUME ÉMOLLIENT ANTI GRATTAGE 200ML,"165,00",2022-08-15 16:09:00.827821
https://mapara.ma/parfum/5228-grasse-parfums-coffret-flacon-grasse-n29-100ml.html,GRASSE PARFUMS,COFFRET FLACON GRASSE N°29  100ML,"165,00",2022-08-15 16:09:00.828327
https://mapara.ma/mains-seches-et-abimees/4145-spirig-excipial-repair-creme-regeneratrice-pour-les-mains-50-ml.html,SPIRIG,EXCIPIAL REPAIR CRÈME RÉGÉNÉRATRICE POUR LES MAINS (50 ML),"126,00",2022-08-15 16:09:00.828778
https://mapara.ma/mains-seches-et-abimees/84-addax-hycalia-creme-mains.html,ADDAX,HYCALIA CRÈME MAINS,"111,00",2022-08-15 16:09:00.829227
https://mapara.ma/hydratants-peaux-seches/4330-uriage-cold-cream-100ml-creme-protectrice.html,URIAGE,COLD CREAM 100ML CRÈME PROTECTRICE,"120,00",2022-08-15 16:09:00.829734
https://mapara.ma/parfum/5243-hei-poa-eau-de-toilette-tyare-et-pitaya-100ml.html,HEI POA,Eau de Toilette Tyare et Pitaya 100ML,"236,00",2022-08-15 16:09:00.830235
https://mapara.ma/soins-hydratation/1493-eucerin-lait-corporel-ph5-400-ml.html,EUCERIN,LAIT CORPOREL PH5 400 ML,"107,00",2022-08-15 16:09:00.830787
https://mapara.ma/soins-hydratation-peaux-seches-et-atopiques/4281-topicrem-lait-ultra-hydratante-500-ml.html,TOPICREM,LAIT ULTRA-HYDRATANTE 500 ML,"189,00",2022-08-15 16:09:00.831327
https://mapara.ma/mains-seches-et-abimees/96-addax-soin-reparateur-mains-cica-b5.html,ADDAX,SOIN RÉPARATEUR MAINS CICA B5,"76,00",2022-08-15 16:09:00.831797
https://mapara.ma/soins-hydratation/1633-filorga-soin-corps-detox-150-ml.html,FILORGA,SOIN CORPS DETOX 150 ML,"511,00",2022-08-15 16:09:00.832200
https://mapara.ma/mains-seches-et-abimees/2055-innovatouch-bave-descargot-creme-main-50-ml.html,INNOVATOUCH,BAVE D`ESCARGOT CRÈME MAIN 50 ML,"125,00",2022-08-15 16:09:00.832656
https://mapara.ma/soins-hydratation-peaux-seches-et-atopiques/1209-dermagor-cold-cream-100ml.html,DERMAGOR,COLD CREAM 100ML,"136,00",2022-08-15 16:09:00.833056
https://mapara.ma/corps/4706-eubos-med-sensitive-hand-repair-and-care-75-ml.html,EUBOS MED,SENSITIVE HAND REPAIR AND CARE 75 ML,"99,00",2022-08-15 16:09:00.833518
https://mapara.ma/soins-hydratation/4359-uriage-eau-thermale-lait-veloute-corps-lait-hydratant-24h-500-ml.html,URIAGE,EAU THERMALE LAIT VELOUTÉ CORPS LAIT HYDRATANT 24H 500 ML,"180,00",2022-08-15 16:09:00.833986
https://mapara.ma/corps/3186-noreva-kerapil-soin-dermo-regulateur-75ml.html,NOREVA,KERAPIL SOIN DERMO RÉGULATEUR 75ML,"113,00",2022-08-15 16:09:00.835346
https://mapara.ma/soins-hydratation-peaux-seches-et-atopiques/2364-la-roche-posay-lipikar-baume-ap-200-ml.html,LA ROCHE-POSAY,LIPIKAR BAUME AP+ 200 ML,"170,00",2022-08-15 16:09:00.836003
https://mapara.ma/soins-hydratation-peaux-seches-et-atopiques/2365-la-roche-posay-lipikar-baume-ap-400-ml.html,LA ROCHE-POSAY,LIPIKAR BAUME AP+ 400 ML,"230,00",2022-08-15 16:09:00.836570
https://mapara.ma/soins-des-mains/4863-mavala-creme-mains-50ml.html,MAVALA,CREME MAINS 50ML,"160,00",2022-08-15 16:09:00.837116
https://mapara.ma/soins-hydratation-peaux-seches-et-atopiques/2368-la-roche-posay-lipikar-lait-200ml-relipidant-corps-anti-dessechement.html,LA ROCHE-POSAY,LIPIKAR LAIT 200ML RELIPIDANT CORPS ANTI-DÉSSÈCHEMENT,"141,00",2022-08-15 16:09:00.837725
https://mapara.ma/soins-anti-taches-et-depigmentants/947-brunex-creme-depigmentante-intensive-30ml.html,BRUNEX,CRÈME DÉPIGMENTANTE INTENSIVE 30ML,"225,00",2022-08-15 16:09:00.838326
https://mapara.ma/mains-seches-et-abimees/4954-cerave-creme-mains-reparatrice-100ml.html,CERAVE,CRÈME MAINS RÉPARATRICE 100ML,"63,00",2022-08-15 16:09:00.838832
https://mapara.ma/soins-hydratation-peaux-seches-et-atopiques/101-a-derma-exomega-baume-emollient-200ml.html,A-DERMA,EXOMEGA BAUME EMOLLIENT 200ML,"199,00",2022-08-15 16:09:00.839452
https://mapara.ma/huiles-vegetales/381-bcombio-organic-huile-dargan-100-bio-pure-50-ml.html,BcomBIO ORGANIC,HUILE D'ARGAN 100% BIO & PURE 50 ML,"120,00",2022-08-15 16:09:00.840065
https://mapara.ma/soins-hydratation-peaux-seches-et-atopiques/2369-la-roche-posay-lipikar-lait-400ml-relipidant-corps-anti-dessechement.html,LA ROCHE-POSAY,LIPIKAR LAIT 400ML RELIPIDANT CORPS ANTI-DÉSSÈCHEMENT,"193,00",2022-08-15 16:09:02.039592
https://mapara.ma/corps/5121-laino-pack-laino-protection-intense-creme-main-baume-a-levre.html,LAINO,Pack LAINO PROTECTION INTENSE CREME MAIN+ BAUME A LEVRE,"74,00",2022-08-15 16:09:02.040245
https://mapara.ma/soins-hydratation-peaux-seches-et-atopiques/1207-dermagor-atopicalm-creme-nourrissante-corps-250-ml.html,DERMAGOR,ATOPICALM CRÈME NOURRISSANTE CORPS 250 ML,"110,00",2022-08-15 16:09:02.041179
https://mapara.ma/corps/5273-laino-creme-barriere-mains-50-ml.html,LAINO,CRÈME BARRIERE MAINS 50 ML,"46,00",2022-08-15 16:09:02.041685
https://mapara.ma/soins-hydratation-peaux-seches-et-atopiques/4003-roge-cavailles-nutrissance-creme-hydratante-ultra-confort-350-ml.html,ROGE CAVAILLES,NUTRISSANCE CRÈME HYDRATANTE ULTRA CONFORT 350 ML,"288,00",2022-08-15 16:09:02.042142
https://mapara.ma/soins-hydratation-peaux-seches-et-atopiques/1075-cetaphil-restoraderm-emulsion-hydratante-295-ml.html,CETAPHIL,RESTORADERM ÉMULSION HYDRATANTE 295 ML,"220,00",2022-08-15 16:09:02.042606
https://mapara.ma/soins-hydratation/2453-laino-lait-nutritif-confort-400-ml.html,LAINO,LAIT NUTRITIF CONFORT 400 ML,"124,00",2022-08-15 16:09:02.043050
https://mapara.ma/hydratation-et-nutrition-corps/2454-laino-lait-nutritif-douceur-400-ml.html,LAINO,LAIT NUTRITIF DOUCEUR 400 ML,"103,00",2022-08-15 16:09:02.043486
https://mapara.ma/soins-hydratation/2455-laino-huile-authentique-100-ml.html,LAINO,HUILE AUTHENTIQUE 100 ML,"125,00",2022-08-15 16:09:02.043926
https://mapara.ma/hydratants-peaux-atopiques/1336-ducray-dexyane-creme-emolliente-anti-grattage-200ml.html,DUCRAY,DEXYANE CRÈME ÉMOLLIENTE ANTI GRATTAGE 200ML,"159,00",2022-08-15 16:09:02.044364
https://mapara.ma/soins-hydratation/3203-noreva-xerodiane-creme-anti-irritations-cu-zn-mn-40ml.html,NOREVA,XERODIANE CRÈME ANTI-IRRITATIONS CU/ ZN/MN 40ML,"171,00",2022-08-15 16:09:02.044758
https://mapara.ma/soins-hydratation-peaux-seches-et-atopiques/1340-ducray-ictyane-creme-emolliente-nutritive-visage-et-corps-200-ml.html,DUCRAY,ICTYANE CRÈME ÉMOLLIENTE NUTRITIVE VISAGE ET CORPS 200 ML,"148,00",2022-08-15 16:09:02.045196
https://mapara.ma/soins-reparateurs-cicatrisants/4303-uriage-bariederm-cica-creme-au-cuivre-zinc-40ml-peaux-irritees.html,URIAGE,BARIÉDERM CICA-CRÈME AU CUIVRE-ZINC 40ML PEAUX IRRITÉES,"99,00",2022-08-15 16:09:02.045637
https://mapara.ma/premieres-rides/158-algotherm-baume-sos-haute-tolerance-15ml.html,ALGOTHERM,BAUME SOS HAUTE TOLÉRANCE 15ML,"318,00",2022-08-15 16:09:02.046038
https://mapara.ma/hydratants-peaux-seches/711-bio-oil-gel-peaux-seches-100-ml.html,Bio-Oil,GEL PEAUX SÈCHES 100 ML,"127,00",2022-08-15 16:09:02.046420
https://mapara.ma/corps/4310-uriage-bariederm-stick-fissures-crevasses-22g.html,URIAGE,BARIÉDERM STICK FISSURES CREVASSES 22G,"130,00",2022-08-15 16:09:02.046858
https://mapara.ma/hydratants-peaux-seches/712-bio-oil-gel-peaux-seches-50-ml.html,Bio-Oil,GEL PEAUX SÈCHES 50 ML,"73,00",2022-08-15 16:09:02.047246
https://mapara.ma/soins-hydratation-peaux-seches-et-atopiques/1459-eucerin-aquaphor-baume-reparateur-cutane-40g.html,EUCERIN,AQUAPHOR BAUME REPARATEUR CUTANÉ 40G,"82,00",2022-08-15 16:09:02.047777
https://mapara.ma/hydratants-peaux-seches/713-bio-oil-gel-peaux-seches-200-ml.html,Bio-Oil,GEL PEAUX SECHES 200 ML,"138,00",2022-08-15 16:09:02.048354
https://mapara.ma/soins-hydratation-peaux-seches-et-atopiques/1464-eucerin-atopicontrol-emollient-corps-calmant-250-ml.html,EUCERIN,ATOPICONTROL EMOLLIENT CORPS CALMANT 250 ML,"165,00",2022-08-15 16:09:02.048924
https://mapara.ma/hydratants-toutes-peaux/951-camomilla-blu-creme-hydratente-visage-et-corps.html,CAMOMILLA BLU,CRÈME HYDRATENTE VISAGE ET CORPS,"135,00",2022-08-15 16:09:02.049575
https://mapara.ma/soins-hydratation/2176-jowae-baume-hydratant-protecteur-125-ml.html,JOWAE,BAUME HYDRATANT PROTECTEUR 125 ML,"167,00",2022-08-15 16:09:02.050031
https://mapara.ma/soins-hydratation-peaux-seches-et-atopiques/1476-eucerin-emollient-corps-reparateur-10-duree-250ml.html,EUCERIN,EMOLLIENT CORPS REPARATEUR 10% D'URÉE 250ML,"271,00",2022-08-15 16:09:02.050637
https://mapara.ma/soins-hydratation/2188-jowae-lait-hydratant-revitalisant-400-ml.html,JOWAE,LAIT HYDRATANT REVITALISANT 400 ML,"195,00",2022-08-15 16:09:02.051258
https://mapara.ma/soins-hydratation-peaux-seches-et-atopiques/1478-eucerin-emollient-reparateur-5-duree-250-ml.html,EUCERIN,EMOLLIENT REPARATEUR 5% D'URÉE 250 ML,"271,00",2022-08-15 16:09:02.051930
https://mapara.ma/soins-hydratation-peaux-seches-et-atopiques/3206-noreva-xerodiane-nutri-baume-200ml-visage-et-corps.html,NOREVA,XERODIANE NUTRI-BAUME 200ML VISAGE ET CORPS,"160,00",2022-08-15 16:09:02.052493
https://mapara.ma/masques-baumes-huiles-capillaires/3003-naturesoin-beurre-de-karite-150ml.html,NATURESOIN,BEURRE DE KARITÉ 150ML,"59,00",2022-08-15 16:09:02.053028
https://mapara.ma/soins-hydratation-peaux-seches-et-atopiques/4366-uriage-emolliente-extreme-200ml-baume-restructurant.html,URIAGE,EMOLLIENTE EXTREME 200ML BAUME RESTRUCTURANT,"132,00",2022-08-15 16:09:02.053572
https://mapara.ma/soins-hydratation/1950-hei-poa-pur-monoi-de-tahiti-ao-parfum-tiare-100ml.html,HEI POA,PUR MONOÏ DE TAHITI AO PARFUM TIARÉ 100ML,"106,00",2022-08-15 16:09:02.054058
https://mapara.ma/soins-hydratation-peaux-seches-et-atopiques/4403-uriage-xemose-creme-relipidante-apaisante-anti-irritations-200-ml.html,URIAGE,XÉMOSE CRÈME RELIPIDANTE APAISANTE ANTI-IRRITATIONS 200 ML,"146,00",2022-08-15 16:09:02.054528
https://mapara.ma/masques-baumes-huiles-capillaires/1949-hei-poa-pur-monoi-de-tahiti-ao-a-parfum-coco-100ml.html,HEI POA,PUR MONOÏ DE TAHITI AO À PARFUM COCO 100ML,"100,00",2022-08-15 16:09:03.269387
https://mapara.ma/soins-hydratation-peaux-seches-et-atopiques/4402-uriage-xemose-creme-apaisante-relipidante-anti-irritations-400-ml.html,URIAGE,XÉMOSE CRÈME APAISANTE RELIPIDANTE ANTI-IRRITATIONS 400 ML,"276,00",2022-08-15 16:09:03.270052
https://mapara.ma/soins-hydratation/1948-hei-poa-pur-monoi-de-tahiti-ao-parfum-vanillier-100ml.html,HEI POA,PUR MONOÏ DE TAHITI AO - PARFUM VANILLIER 100ML,"106,00",2022-08-15 16:09:03.271086
https://mapara.ma/soins-hydratation-peaux-seches-et-atopiques/4401-uriage-xemose-cerat-relipidant-anti-irritations-soin-relipidant-apaisant-200-ml.html,URIAGE,XÉMOSE CÉRAT RELIPIDANT ANTI-IRRITATIONS SOIN RELIPIDANT APAISANT 200 ML,"203,00",2022-08-15 16:09:03.271717
https://mapara.ma/soins-hydratation/1947-hei-poa-pur-monoi-de-tahiti-ao-nacres-or-100ml.html,HEI POA,PUR MONOÏ DE TAHITI AO - NACRES OR 100ML,"106,00",2022-08-15 16:09:03.272234
https://mapara.ma/soins-hydratation-peaux-seches-et-atopiques/4400-uriage-xemose-baume-oleo-apaisant-anti-grattage-500-ml.html,URIAGE,XÉMOSE BAUME OLEO APAISANT ANTI GRATTAGE 500 ML,"197,00",2022-08-15 16:09:03.272679
https://mapara.ma/masques-baumes-huiles-capillaires/1946-hei-poa-monoi-collection-moringa-100ml.html,HEI POA,MONOI COLLECTION MORINGA 100ML,"118,00",2022-08-15 16:09:03.273130
https://mapara.ma/soins-hydratation-peaux-seches-et-atopiques/4386-uriage-keratosane-30-gel-creme-anti-callosites-40ml.html,URIAGE,KERATOSANE 30 GEL-CRÈME ANTI-CALLOSITÉS 40ML,"105,00",2022-08-15 16:09:03.273560
https://mapara.ma/masques-baumes-huiles-capillaires/1945-hei-poa-monoi-de-tahiti-au-monoi-1000-fleurs-100ml.html,HEI POA,MONOÏ DE TAHITI AU MONOÏ 1000 FLEURS 100ML,"106,00",2022-08-15 16:09:03.273997
https://mapara.ma/soins-hydratation/1937-hei-poa-beurre-corporel-au-monoi-200-ml.html,HEI POA,BEURRE CORPOREL AU MONOI 200 ML,"144,00",2022-08-15 16:09:03.274430
https://mapara.ma/soins-hydratation-peaux-seches-et-atopiques/3522-palmers-soin-reparateur-corps-au-beurre-de-cacao-et-a-la-vitamine-e-250-ml.html,PALMER'S,SOIN REPARATEUR CORPS AU BEURRE DE CACAO ET A LA VITAMINE E 250 ML,"144,00",2022-08-15 16:09:03.274903
https://mapara.ma/soins-hydratation-peaux-seches-et-atopiques/4264-svr-xerial-30-creme-anti-rugosites-et-poils-incarnes-hydratant-24-h-100-ml.html,SVR,XERIAL 30 CRÈME ANTI RUGOSITÉS ET POILS INCARNÉS HYDRATANT 24 H 100 ML,"153,00",2022-08-15 16:09:03.275370
https://mapara.ma/masques-baumes-huiles-capillaires/3076-naturocal-huile-de-coco-pure-pot-150-ml.html,NATUROCAL,HUILE DE COCO PURE - POT 150 ML,"91,00",2022-08-15 16:09:03.275754
https://mapara.ma/soins-hydratation-peaux-seches-et-atopiques/2372-la-roche-posay-lipikar-stick-ap-15ml.html,LA ROCHE-POSAY,LIPIKAR STICK AP+ 15ML,"133,00",2022-08-15 16:09:03.276260
https://mapara.ma/soins-hydratation-peaux-seches-et-atopiques/3845-racine-vita-creme-intensive-acide-hyaluronique-visage-et-corps-hydratation-24h-100ml.html,RACINE VITA,CRÈME INTENSIVE ACIDE HYALURONIQUE VISAGE ET CORPS HYDRATATION 24H 100ML,"50,00",2022-08-15 16:09:03.276714
https://mapara.ma/soins-hydratation-peaux-seches-et-atopiques/4008-roge-cavailles-nutrissance-soin-corps-hydratant-nuit-400-ml.html,ROGE CAVAILLES,NUTRISSANCE SOIN CORPS HYDRATANT NUIT 400 ML,"270,00",2022-08-15 16:09:03.277158
https://mapara.ma/soins-hydratation-peaux-seches-et-atopiques/4293-ureadin-rx-10-lotion-plus-reparatrice-200ml.html,UREADIN,RX 10 LOTION PLUS RÉPARATRICE 200ML,"150,00",2022-08-15 16:09:03.277595
https://mapara.ma/soins-hydratation-peaux-seches-et-atopiques/4007-roge-cavailles-nutrissance-lait-corps-hydratants-400-ml.html,ROGE CAVAILLES,NUTRISSANCE LAIT CORPS HYDRATANTS 400 ML,"239,00",2022-08-15 16:09:03.278032
https://mapara.ma/lait-corps-eclaircissant/1644-floxia-lait-unifiant-hydratant-200-ml.html,FLOXIA,LAIT UNIFIANT HYDRATANT 200 ML,"212,00",2022-08-15 16:09:03.278476
https://mapara.ma/lait-corps-eclaircissant/1645-floxia-lait-unifiant-hydratant-500-ml.html,FLOXIA,LAIT UNIFIANT HYDRATANT 500 ML,"349,00",2022-08-15 16:09:03.278916
https://mapara.ma/soins-hydratation-peaux-seches-et-atopiques/2553-lca-pharma-lait-hydratant-200-ml.html,LCA PHARMA,LAIT HYDRATANT 200 ML,"153,00",2022-08-15 16:09:03.279349
https://mapara.ma/soins-hydratation-peaux-seches-et-atopiques/4002-roge-cavailles-nutrissance-baume-corps-hydratant-400-ml.html,ROGE CAVAILLES,NUTRISSANCE BAUME CORPS HYDRATANT 400 ML,"225,00",2022-08-15 16:09:03.279787
https://mapara.ma/soins-reparateurs-cicatrisants/2052-innovatouch-aloe-vera-creme-reparatrice-200-ml.html,INNOVATOUCH,ALOE VERA CRÈME RÉPARATRICE 200 ML,"205,00",2022-08-15 16:09:03.280259
https://mapara.ma/soins-hydratation-peaux-seches-et-atopiques/4001-roge-cavailles-nutrissance-baume-corps-hydratant-200-ml.html,ROGE CAVAILLES,NUTRISSANCE BAUME CORPS HYDRATANT 200 ML,"186,00",2022-08-15 16:09:03.280831
https://mapara.ma/soins-hydratation/3242-nuhanciam-huile-soin-metamorphose-100-ml.html,NUHANCIAM,HUILE SOIN METAMORPHOSE 100 ML,"200,00",2022-08-15 16:09:03.281295
https://mapara.ma/soins-hydratation/3246-nuhanciam-soin-corps-extreme-400-ml.html,NUHANCIAM,SOIN CORPS EXTREME 400 ML,"320,00",2022-08-15 16:09:03.281796
https://mapara.ma/soins-hydratation-peaux-seches-et-atopiques/3991-roge-cavailles-nutrissance-lait-hydratant-spray-express-200ml.html,ROGE CAVAILLES,NUTRISSANCE LAIT HYDRATANT SPRAY EXPRESS 200ML,"158,00",2022-08-15 16:09:03.282351
https://mapara.ma/soins-hydratation/3927-rituels-dorient-beurre-de-karite-100ml.html,RITUELS D'ORIENT,BEURRE DE KARITÉ 100ML,"114,00",2022-08-15 16:09:03.282846
https://mapara.ma/hydratants-peaux-seches/1065-cetaphil-creme-hydratante-haute-tolerance-50-gr.html,CETAPHIL,CRÈME HYDRATANTE HAUTE TOLERANCE 50 GR,"95,00",2022-08-15 16:09:03.283385
https://mapara.ma/hydratants-peaux-seches/1210-dermagor-cold-cream-40ml.html,DERMAGOR,COLD CREAM 40ML,"80,00",2022-08-15 16:09:03.283893
https://mapara.ma/masques-baumes-huiles-capillaires/5005-hei-poa-huile-pur-monoi-tahiti-soin-capillaire-cheveux-secs-et-abimes-100ml.html,HEI POA,Huile Pur Monoï Tahiti Soin Capillaire cheveux secs et abimés 100ml,"100,00",2022-08-15 16:09:04.605768
https://mapara.ma/hydratants-peaux-seches/3159-nohooh-pure-huile-dargan-30ml.html,NOHOOH,PURE HUILE D'ARGAN 30ML,"288,00",2022-08-15 16:09:04.607798
https://mapara.ma/soins-hydratation-peaux-seches-et-atopiques/5062-dermagor-atopicalm-creme-nourrissante-visage-40ml.html,DERMAGOR,ATOPICALM CRÈME NOURRISSANTE VISAGE 40ML,"79,00",2022-08-15 16:09:04.621100
https://mapara.ma/soins-hydratation-peaux-seches-et-atopiques/3497-palmers-beurre-de-soin-solide-au-beurre-de-cacao-a-la-vitamine-e-100g.html,PALMER'S,BEURRE DE SOIN SOLIDE AU BEURRE DE CACAO & À LA VITAMINE E 100G,"95,00",2022-08-15 16:09:04.621737
https://mapara.ma/accueil/5081-nuxe-coffret-les-iconiques.html,NUXE,COFFRET LES ICONIQUES,"380,00",2022-08-15 16:09:04.622305
https://mapara.ma/soins-hydratation-peaux-seches-et-atopiques/1240-dermo-soins-aposeche-creme-emolliente-visage-et-corps-250ml.html,DERMO SOINS,APOSECHE CRÈME EMOLLIENTE VISAGE ET CORPS 250ML,"110,00",2022-08-15 16:09:04.622889
https://mapara.ma/soins-hydratation-peaux-seches-et-atopiques/5098-cerave-sa-creme-anti-rugosites-177ml.html,CERAVE,SA CRÈME ANTI-RUGOSITÉS 177ML,"97,00",2022-08-15 16:09:04.623465
https://mapara.ma/soins-hydratation-peaux-seches-et-atopiques/4144-spirig-excipial-pruri-lotion-200-ml.html,SPIRIG,EXCIPIAL PRURI LOTION 200 ML,"212,00",2022-08-15 16:09:04.624004
https://mapara.ma/soins-hydratation-peaux-seches-et-atopiques/4146-spirig-excipial-u10-lipolotion-200-ml.html,SPIRIG,EXCIPIAL U10 LIPOLOTION 200 ML,"233,00",2022-08-15 16:09:04.624560
https://mapara.ma/soins-hydratation-teintes-bonne-mine/5175-luxeol-huile-seche-corps-et-cheveux-100ml.html,LUXEOL,HUILE SECHE CORPS ET CHEVEUX 100ML,"190,00",2022-08-15 16:09:04.625487
https://mapara.ma/soins-hydratation-peaux-seches-et-atopiques/4147-spirig-excipial-u4-lipolotion-200-ml.html,SPIRIG,EXCIPIAL U4 LIPOLOTION 200 ML,"227,00",2022-08-15 16:09:04.626077
https://mapara.ma/hydratation-et-nutrition-corps/5181-biaritz-huile-seche-oceane-bio-100-ml.html,BIARITZ,HUILE SECHE OCEANE BIO 100 ML,"242,00",2022-08-15 16:09:04.626629
https://mapara.ma/soins-hydratation-peaux-seches-et-atopiques/4290-ureadin-10-lotion-200-ml.html,UREADIN,10 LOTION 200 ML,"150,00",2022-08-15 16:09:04.627169
https://mapara.ma/accueil/5252-placentor-vegetal-emulsion-corps-ultra-hydratante-400ml.html,PLACENTOR Végétal,EMULSION CORPS ULTRA HYDRATANTE 400ML,"137,00",2022-08-15 16:09:04.627720
https://mapara.ma/accueil/5253-bcombio-organic-lait-hydratant-corps-200ml.html,BcomBIO ORGANIC,Lait Hydratant Corps 200ml,"158,00",2022-08-15 16:09:04.628259
https://mapara.ma/soins-hydratation-peaux-seches-et-atopiques/4291-ureadin-30-creme-50-ml.html,UREADIN,30 CRÈME 50 ML,"149,00",2022-08-15 16:09:04.628874
https://mapara.ma/soins-hydratation-peaux-seches-et-atopiques/4294-ureadin-rx-20-creme-100-ml.html,UREADIN,RX 20 CRÈME 100 ML,"197,00",2022-08-15 16:09:04.629469
https://mapara.ma/soins-hydratation-peaux-seches-et-atopiques/2076-isdin-nutratopic-pro-amp-lotion-emoliente-peau-atopique-400-ml.html,ISDIN,NUTRATOPIC PRO-AMP LOTION EMOLIENTE PEAU ATOPIQUE 400 ML,"200,00",2022-08-15 16:09:04.630054
https://mapara.ma/soins-hydratation-peaux-seches-et-atopiques/3248-isdin-nutratopic-creme-emolliente-200-ml.html,ISDIN,NUTRATOPIC CRÈME EMOLLIENTE 200 ML,"326,00",2022-08-15 16:09:04.630515
https://mapara.ma/masques-baumes-huiles-capillaires/3004-naturesoin-beurre-de-karite-150ml.html,NATURESOIN,BEURRE DE KARITÉ 150ML,"89,00",2022-08-15 16:09:04.630936
https://mapara.ma/corps/4661-neutraderm-relipid-creme-de-douche-relipidante-400ml.html,NEUTRADERM,Relipid+ Crème de douche relipidante - 400ML,"133,00",2022-08-15 16:09:04.632269
https://mapara.ma/gel-douche-et-savon-peaux-atopiques/1337-ducray-dexyane-gel-nettoyant-surgras-400ml.html,DUCRAY,DEXYANE GEL NETTOYANT SURGRAS 400ML,"166,00",2022-08-15 16:09:04.632867
https://mapara.ma/masques-baumes-huiles-capillaires/1148-davines-huile-nourrissante-authentique-140-ml.html,DAVINES,HUILE NOURRISSANTE AUTHENTIQUE 140 ML,"379,00",2022-08-15 16:09:04.633411
https://mapara.ma/gel-creme-huile/1343-ducray-ictyane-gel-moussant-surgras-200-ml.html,DUCRAY,ICTYANE GEL MOUSSANT SURGRAS 200 ML,"105,00",2022-08-15 16:09:04.636243
https://mapara.ma/savon-et-pain/1345-ducray-ictyane-pain-dermatologique-surgras-200g.html,DUCRAY,ICTYANE PAIN DERMATOLOGIQUE SURGRAS 200G,"81,00",2022-08-15 16:09:04.636889
https://mapara.ma/soins-hydratation-peaux-seches-et-atopiques/5184-dermagor-destockage-cold-cream-100ml-exp04-22.html,DERMAGOR,DESTOCKAGE COLD CREAM 100ML EXP:04/22,"90,00",2022-08-15 16:09:04.637438
https://mapara.ma/corps/5239-neutraderm-relipid-creme-de-douche-relipidante-200ml.html,NEUTRADERM,Relipid+ Crème de douche relipidante -200ML,"82,00",2022-08-15 16:09:04.638182
https://mapara.ma/masques-baumes-huiles-capillaires/2061-innovatouch-pur-beurre-de-karite-100ml.html,INNOVATOUCH,PUR BEURRE DE KARITÉ 100ML,"142,00",2022-08-15 16:09:04.639322
https://mapara.ma/masques-baumes-huiles-capillaires/2062-innovatouch-pur-beurre-de-karite-60ml.html,INNOVATOUCH,PUR BEURRE DE KARITÉ 60ML,"126,00",2022-08-15 16:09:04.640115
https://mapara.ma/masques-baumes-huiles-capillaires/2063-innovatouch-pur-beurre-de-karite-parfum-tiare-100-ml.html,INNOVATOUCH,PUR BEURRE DE KARITÉ PARFUM TIARÉ 100 ML,"142,00",2022-08-15 16:09:04.640644
https://mapara.ma/masques-baumes-huiles-capillaires/2064-innovatouch-pur-beurre-de-karite-parfum-tiare-60-ml.html,INNOVATOUCH,PUR BEURRE DE KARITÉ PARFUM TIARÉ 60 ML,"126,00",2022-08-15 16:09:05.517193
https://mapara.ma/soins-reparateurs-cicatrisants/98-a-derma-dermalibour-barrier-creme-protectrice-50ml.html,A-DERMA,DERMALIBOUR + BARRIER CRÈME PROTECTRICE 50ML,"98,00",2022-08-15 16:09:05.517855
https://mapara.ma/accueil/4835-pack-aroma-land.html,N/C,PACK AROMA LAND,"100,00",2022-08-15 16:09:05.518996
https://mapara.ma/accueil/5182-biaritz-gel-douche-extraits-marins-200ml.html,BIARITZ,Gel douche extraits marins 200ml,"97,00",2022-08-15 16:09:05.519512
https://mapara.ma/soins-reparateurs-cicatrisants/4096-sodermix-cicatrices-cheloides-et-hypertrophiques.html,SODERMIX,cicatrices chéloïdes et hypertrophiques,"146,00",2022-08-15 16:09:05.520002
https://mapara.ma/soins-des-vergetures/3502-palmers-creme-de-massage-pour-les-vergetures-125g.html,PALMER'S,CRÈME DE MASSAGE POUR LES VERGETURES 125G,"160,00",2022-08-15 16:09:05.520555
https://mapara.ma/outils-accessoires-beaute/1672-formes-et-flammes-pince-a-epiler-acier-forge-nickle-langue-mors-carres.html,FORMES ET FLAMMES,"PINCE À ÉPILER, ACIER FORGÉ NICKLÉ, LANGUE, MORS CARRÉS","58,00",2022-08-15 16:09:05.521058
https://mapara.ma/accueil/4851-weleda-weleda-lait-corporel-au-calendula-200ml.html,WELEDA,WELEDA LAIT CORPOREL AU CALENDULA 200ML,"138,00",2022-08-15 16:09:05.521600
https://mapara.ma/accueil/5179-pfb-vanish-chromabright-93-g-soin-elaircissant.html,PFB VANISH,Chromabright 93 g Soin Élaircissant,"459,00",2022-08-15 16:09:05.522125
https://mapara.ma/corps/5180-pfb-vanish-vanish-ultra.html,PFB VANISH,VANISH ULTRA,"325,00",2022-08-15 16:09:05.522605
https://mapara.ma/corps/5272-cattier-deodorant-roll-on-24h-50ml2.html,CATTIER,DEODORANT ROLL-ON 24H 50ML*2,"153,00",2022-08-15 16:09:05.523083
